ROCK,THICKNESS,TOP,BOTTOM,RHOB,VP,VS,GR,PHIN,FLUID,POISSON,Cal,Dol,Sd,Qz,Kfs,Pl,Kln,Chl,Ilt,R(Core),V(Core),m(Core),m(Cal),m(Dol),m(Sd),m(Qz),m(Kfs),m(Pl),m(Kln),m(Chl),m(Ilt)
limestone,1.5,344.0,345.5,2.162,4783.45,2250.38,1.6,32.0,water,0.32,0.97,0.0,0.0,0.0,0.0,0.0,0.02,0.0,0.01,0.05,0.011780972450961725,25.470462438979247,24.70634856580987,0.0,0.0,0.0,0.0,0.0,0.5094092487795849,0.0,0.25470462438979247
limestone,1.5,345.5,347.0,2.159,4969.36,2468.83,2.8,32.0,water,0.29,0.76,0.0,0.01,0.06,0.08,0.09,0.0,0.0,0.0,0.05,0.011780972450961725,25.435119521626362,19.330690836436034,0.0,0.25435119521626365,1.5261071712975816,2.034809561730109,2.2891607569463726,0.0,0.0,0.0
limestone,1.5,347.0,348.5,2.277,4908.17,2331.58,0.0,32.0,water,0.31,0.74,0.06,0.13,0.01,0.0,0.0,0.05,0.01,0.0,0.05,0.011780972450961725,26.82527427083985,19.850702960421486,1.6095164562503907,3.4872856552091807,0.2682527427083985,0.0,0.0,1.3412637135419925,0.2682527427083985,0.0
limestone,1.5,348.5,350.0,2.206,5062.7,2357.0,17.7,33.0,water,0.32,0.6,0.05,0.01,0.0,0.0,0.0,0.08,0.15,0.11,0.05,0.011780972450961725,25.988825226821564,15.593295136092937,1.2994412613410784,0.25988825226821566,0.0,0.0,0.0,2.0791060181457253,3.8983237840232343,2.858770774950372
limestone,1.5,350.0,351.5,2.212,5002.89,2376.84,12.9,33.0,water,0.3,0.6,0.04,0.04,0.05,0.01,0.01,0.07,0.11,0.07,0.05,0.011780972450961725,26.05951106152734,15.635706636916403,1.0423804424610936,1.0423804424610936,1.302975553076367,0.2605951106152734,0.2605951106152734,1.824165774306914,2.866546216768007,1.824165774306914
limestone,1.5,351.5,353.0,2.2,4861.65,2304.12,0.0,30.0,water,0.32,0.97,0.03,0.0,0.0,0.0,0.0,0.0,0.0,0.0,0.05,0.011780972450961725,25.918139392115798,25.140595210352323,0.777544181763474,0.0,0.0,0.0,0.0,0.0,0.0,0.0
limestone,1.5,353.0,354.5,2.119,4625.05,2144.4,0.0,35.0,water,0.32,0.98,0.0,0.01,0.0,0.0,0.01,0.0,0.0,0.0,0.05,0.011780972450961725,24.963880623587897,24.46460301111614,0.0,0.24963880623587897,0.0,0.0,0.24963880623587897,0.0,0.0,0.0
limestone,1.5,354.5,356.0,2.204,4939.17,2356.42,0.0,30.0,water,0.32,0.94,0.0,0.01,0.0,0.0,0.0,0.05,0.0,0.0,0.05,0.011780972450961725,25.965263281919647,24.40734748500447,0.0,0.2596526328191965,0.0,0.0,0.0,1.2982631640959825,0.0,0.0
limestone,1.5,356.0,357.5,2.246,4841.18,2311.43,0.0,31.0,water,0.31,0.82,0.08,0.07,0.03,0.0,0.0,0.0,0.0,0.0,0.05,0.011780972450961725,26.460064124860033,21.697252582385225,2.1168051299888027,1.8522044887402025,0.7938019237458009,0.0,0.0,0.0,0.0,0.0
limestone,1.5,357.5,359.0,2.268,5218.69,2536.0,19.3,30.0,water,0.31,0.56,0.02,0.08,0.0,0.0,0.0,0.2,0.02,0.12,0.05,0.011780972450961725,26.71924551878119,14.962777490517468,0.5343849103756239,2.1375396415024954,0.0,0.0,0.0,5.343849103756238,0.5343849103756239,3.2063094622537425
limestone,1.5,359.0,360.5,2.227,4731.6,2207.87,0.0,34.0,water,0.32,0.84,0.02,0.12,0.0,0.0,0.0,0.02,0.0,0.0,0.05,0.011780972450961725,26.236225648291757,22.038429544565076,0.5247245129658351,3.1483470777950107,0.0,0.0,0.0,0.5247245129658351,0.0,0.0
limestone,1.5,360.5,362.0,2.154,5029.88,2484.13,7.6,32.0,water,0.3,0.77,0.0,0.0,0.02,0.06,0.12,0.02,0.0,0.01,0.05,0.011780972450961725,25.376214659371556,19.539685287716097,0.0,0.0,0.5075242931874311,1.5225728795622933,3.0451457591245865,0.5075242931874311,0.0,0.25376214659371554
limestone,1.5,362.0,363.5,2.143,4680.22,2191.65,0.0,34.0,water,0.32,0.91,0.07,0.01,0.01,0.0,0.0,0.0,0.0,0.0,0.05,0.011780972450961725,25.246623962410972,22.974427805793987,1.7672636773687682,0.25246623962410975,0.25246623962410975,0.0,0.0,0.0,0.0,0.0
limestone,1.5,363.5,365.0,2.153,4780.52,2418.9,4.4,32.0,water,0.25,0.7,0.03,0.0,0.19,0.04,0.04,0.0,0.0,0.0,0.05,0.011780972450961725,25.364433686920595,17.755103580844416,0.7609330106076179,0.0,4.819242400514913,1.0145773474768238,1.0145773474768238,0.0,0.0,0.0
limestone,1.5,365.0,366.5,2.168,4676.64,2167.4,4.8,35.0,water,0.32,0.86,0.01,0.07,0.0,0.0,0.0,0.02,0.01,0.03,0.05,0.011780972450961725,25.54114827368502,21.965387515369116,0.2554114827368502,1.7878803791579516,0.0,0.0,0.0,0.5108229654737004,0.2554114827368502,0.7662344482105506
limestone,1.5,366.5,368.0,2.215,4860.53,2300.0,0.0,30.0,water,0.32,0.97,0.01,0.02,0.0,0.0,0.0,0.0,0.0,0.0,0.05,0.011780972450961725,26.09485397888022,25.31200835951381,0.2609485397888022,0.5218970795776045,0.0,0.0,0.0,0.0,0.0,0.0
limestone,1.5,368.0,369.5,2.108,4657.02,2183.8,0.4,35.0,water,0.31,0.95,0.0,0.0,0.01,0.01,0.03,0.0,0.0,0.0,0.05,0.011780972450961725,24.83428992662732,23.592575430295952,0.0,0.0,0.2483428992662732,0.2483428992662732,0.7450286977988196,0.0,0.0,0.0
limestone,1.5,369.5,371.0,2.212,4913.65,2334.35,1.6,31.0,water,0.32,0.86,0.05,0.03,0.0,0.0,0.0,0.04,0.01,0.01,0.05,0.011780972450961725,26.05951106152734,22.41117951291351,1.302975553076367,0.7817853318458201,0.0,0.0,0.0,1.0423804424610936,0.2605951106152734,0.2605951106152734
limestone,1.5,371.0,372.5,2.219,4815.88,2272.25,0.0,32.0,water,0.32,0.86,0.07,0.06,0.0,0.0,0.0,0.01,0.0,0.0,0.05,0.011780972450961725,26.141977868684066,22.482100967068295,1.8299384508078849,1.5685186721210438,0.0,0.0,0.0,0.2614197786868407,0.0,0.0
limestone,1.5,372.5,374.0,2.294,4888.91,2328.87,0.0,30.0,water,0.31,0.84,0.03,0.11,0.02,0.0,0.0,0.0,0.0,0.0,0.05,0.011780972450961725,27.0255508025062,22.701462674105205,0.8107665240751859,2.972810588275682,0.540511016050124,0.0,0.0,0.0,0.0,0.0
limestone,2.5,374.0,376.5,2.245,4970.11,2375.1,0.0,30.0,water,0.32,0.82,0.1,0.04,0.0,0.0,0.0,0.03,0.01,0.0,0.05,0.019634954084936207,44.08047192068178,36.14598697495906,4.408047192068178,1.7632188768272712,0.0,0.0,0.0,1.3224141576204533,0.4408047192068178,0.0
limestone,2.5,376.5,379.0,2.232,4949.07,2391.56,0.5,31.0,water,0.31,0.75,0.12,0.05,0.02,0.01,0.02,0.03,0.0,0.0,0.05,0.019634954084936207,43.82521751757762,32.86891313818322,5.259026102109314,2.191260875878881,0.8765043503515524,0.4382521751757762,0.8765043503515524,1.3147565255273286,0.0,0.0
limestone,2.5,379.0,381.5,2.144,4849.86,2360.08,5.2,33.0,water,0.3,0.83,0.0,0.01,0.04,0.1,0.02,0.0,0.0,0.0,0.05,0.019634954084936207,42.09734155810323,34.940793493225684,0.0,0.4209734155810323,1.6838936623241292,4.209734155810323,0.8419468311620646,0.0,0.0,0.0
limestone,2.5,381.5,384.0,2.19,4774.23,2242.74,0.0,32.0,water,0.32,0.94,0.03,0.03,0.0,0.0,0.0,0.0,0.0,0.0,0.05,0.019634954084936207,43.00054944601029,40.42051647924967,1.2900164833803087,1.2900164833803087,0.0,0.0,0.0,0.0,0.0,0.0
limestone,2.5,384.0,386.5,2.129,4734.23,2221.31,0.0,34.0,water,0.32,0.95,0.0,0.0,0.0,0.0,0.04,0.0,0.01,0.0,0.05,0.019634954084936207,41.802817246829186,39.71267638448772,0.0,0.0,0.0,0.0,1.6721126898731675,0.0,0.4180281724682919,0.0
limestone,2.5,386.5,389.0,2.197,4913.59,2337.2,1.9,30.0,water,0.32,0.95,0.0,0.0,0.0,0.01,0.01,0.01,0.01,0.01,0.05,0.019634954084936207,43.137994124604845,40.9810944183746,0.0,0.0,0.0,0.43137994124604845,0.43137994124604845,0.43137994124604845,0.43137994124604845,0.43137994124604845
limestone,2.5,389.0,391.5,2.209,4887.36,2334.19,1.4,31.0,water,0.31,0.83,0.13,0.02,0.0,0.01,0.01,0.0,0.0,0.0,0.05,0.019634954084936207,43.373613573624084,36.00009926610799,5.638569764571131,0.8674722714724817,0.0,0.43373613573624087,0.43373613573624087,0.0,0.0,0.0
limestone,2.5,391.5,394.0,2.163,4806.66,2267.44,0.0,32.0,water,0.32,0.96,0.01,0.0,0.0,0.0,0.0,0.03,0.0,-0.0,0.05,0.019634954084936207,42.47040568571701,40.77158945828833,0.4247040568571701,0.0,0.0,0.0,0.0,1.2741121705715104,0.0,-0.0
limestone,2.5,394.0,396.5,2.198,4883.93,2302.39,35.3,32.0,water,0.32,0.62,0.04,0.03,0.0,0.0,0.0,0.06,0.03,0.22,0.05,0.019634954084936207,43.15762907868978,26.757730028787662,1.7263051631475912,1.2947288723606933,0.0,0.0,0.0,2.5894577447213867,1.2947288723606933,9.494678397311752
limestone,2.5,396.5,399.0,2.178,5019.77,2377.11,3.2,33.0,water,0.32,0.74,0.03,0.03,0.0,0.0,0.0,0.12,0.06,0.02,0.05,0.019634954084936207,42.76492999699106,31.646048197773382,1.2829478999097317,1.2829478999097317,0.0,0.0,0.0,5.131791599638927,2.5658957998194634,0.8552985999398212
limestone,2.5,399.0,401.5,2.142,4677.57,2182.69,0.0,35.0,water,0.32,0.87,0.08,0.03,0.0,0.0,0.0,0.02,0.0,0.0,0.05,0.019634954084936207,42.05807164993335,36.59052233544202,3.3646457319946683,1.2617421494980006,0.0,0.0,0.0,0.8411614329986671,0.0,0.0
limestone,2.5,401.5,404.0,2.219,4925.12,2340.72,8.0,34.0,water,0.31,0.65,0.04,0.11,0.0,0.0,0.0,0.14,0.01,0.05,0.05,0.019634954084936207,43.56996311447344,28.320476024407736,1.7427985245789375,4.792695942592078,0.0,0.0,0.0,6.099794836026282,0.43569963114473437,2.178498155723672
limestone,2.5,404.0,406.5,2.218,4821.52,2259.03,0.0,32.0,water,0.32,0.89,0.03,0.06,0.0,0.0,0.0,0.0,0.02,0.0,0.05,0.019634954084936207,43.55032816038851,38.759792062745774,1.3065098448116552,2.6130196896233104,0.0,0.0,0.0,0.0,0.8710065632077703,0.0
limestone,2.5,406.5,409.0,2.209,4892.78,2357.02,0.0,30.0,water,0.31,0.88,0.06,0.01,0.03,0.01,0.01,0.0,0.0,0.0,0.05,0.019634954084936207,43.373613573624084,38.16877994478919,2.602416814417445,0.43373613573624087,1.3012084072087224,0.43373613573624087,0.43373613573624087,0.0,0.0,0.0
limestone,2.5,409.0,411.5,2.159,4671.57,2203.7,0.0,35.0,water,0.31,0.81,0.09,0.05,0.03,0.0,0.02,0.0,0.0,0.0,0.05,0.019634954084936207,42.39186586937726,34.33741135419559,3.8152679282439537,2.119593293468863,1.2717559760813177,0.0,0.8478373173875453,0.0,0.0,0.0
limestone,2.5,411.5,414.0,2.104,4825.68,2417.83,39.4,35.0,water,0.26,0.6,0.07,0.01,0.1,0.2,0.02,0.0,0.0,0.0,0.05,0.019634954084936207,41.31194339470578,24.787166036823468,2.8918360376294046,0.4131194339470578,4.131194339470578,8.262388678941155,0.8262388678941156,0.0,0.0,0.0
limestone,2.5,414.0,416.5,2.148,4715.18,2205.38,0.0,33.0,water,0.32,0.97,0.03,0.0,0.0,0.0,0.0,0.0,0.0,0.0,0.05,0.019634954084936207,42.17588137444297,40.91060493320968,1.265276441233289,0.0,0.0,0.0,0.0,0.0,0.0,0.0
limestone,2.5,416.5,419.0,2.195,4869.13,2318.8,3.2,31.0,water,0.32,0.83,0.14,0.0,0.0,0.0,0.0,0.01,0.0,0.02,0.05,0.019634954084936207,43.098724216434974,35.771941099641026,6.033821390300897,0.0,0.0,0.0,0.0,0.43098724216434975,0.0,0.8619744843286995
limestone,2.5,419.0,421.5,2.179,4852.1,2297.26,0.0,31.0,water,0.32,0.97,0.0,0.0,0.0,0.0,0.0,0.03,0.0,0.0,0.05,0.019634954084936207,42.78456495107599,41.50102800254371,0.0,0.0,0.0,0.0,0.0,1.2835369485322798,0.0,0.0
limestone,2.5,421.5,424.0,2.16,4668.09,2168.12,0.0,34.0,water,0.32,0.96,0.0,0.04,0.0,0.0,0.0,0.0,0.0,0.0,0.05,0.019634954084936207,42.41150082346221,40.71504079052372,0.0,1.6964600329384885,0.0,0.0,0.0,0.0,0.0,0.0
limestone,1.4,658.0,659.3,2.223,4783.55,2245.08,0.0,32.0,water,0.32,0.91,0.02,0.07,0.0,0.0,0.0,0.0,0.0,0.0,0.05,0.010995574287564275,24.443161641255383,22.2432770935424,0.4888632328251077,1.711021314887877,0.0,0.0,0.0,0.0,0.0,0.0
limestone,1.4,659.3,660.7,2.219,4815.88,2272.25,0.0,32.0,water,0.32,0.86,0.07,0.06,0.0,0.0,0.0,0.01,0.0,0.0,0.05,0.010995574287564275,24.399179344105125,20.98329423593041,1.707942554087359,1.4639507606463074,0.0,0.0,0.0,0.24399179344105126,0.0,0.0
limestone,1.4,660.7,662.0,2.129,4705.62,2191.34,0.0,34.0,water,0.32,0.97,0.0,0.0,0.0,0.0,0.0,0.02,0.01,0.0,0.05,0.010995574287564275,23.409577658224343,22.70729032847761,0.0,0.0,0.0,0.0,0.0,0.46819155316448685,0.23409577658224343,0.0
limestone,1.4,662.0,663.4,2.19,4618.57,2166.89,0.0,35.0,water,0.3,0.84,0.01,0.1,0.05,0.0,0.0,0.0,0.0,0.0,0.05,0.010995574287564275,24.080307689765764,20.22745845940324,0.24080307689765765,2.4080307689765768,1.2040153844882884,0.0,0.0,0.0,0.0,0.0
limestone,1.4,663.4,664.7,2.168,4732.17,2221.34,0.5,34.0,water,0.32,0.9,0.01,0.05,0.0,0.01,0.02,0.01,0.0,0.0,0.05,0.010995574287564275,23.838405055439353,21.45456454989542,0.23838405055439352,1.1919202527719677,0.0,0.23838405055439352,0.47676810110878703,0.23838405055439352,0.0,0.0
limestone,1.4,664.7,666.1,2.194,5118.45,2583.8,9.2,30.0,water,0.28,0.69,0.04,0.01,0.06,0.11,0.09,0.0,0.0,0.0,0.05,0.010995574287564275,24.124289986916022,16.645760090972054,0.9649715994766409,0.24124289986916023,1.4474573992149613,2.6536718985607624,2.171186098822442,0.0,0.0,0.0
limestone,1.4,666.1,667.4,2.15,4691.79,2182.96,6.4,34.0,water,0.32,0.88,0.05,0.02,0.0,0.0,0.0,0.0,0.01,0.04,0.05,0.010995574287564275,23.640484718263192,20.80362655207161,1.1820242359131596,0.4728096943652638,0.0,0.0,0.0,0.0,0.2364048471826319,0.9456193887305276
limestone,1.4,667.4,668.8,2.165,4910.8,2419.69,26.5,34.0,water,0.29,0.68,0.01,0.06,0.04,0.12,0.09,0.0,0.0,0.0,0.05,0.010995574287564275,23.805418332576657,16.187684466152128,0.23805418332576658,1.4283250999545993,0.9522167333030663,2.8566501999091987,2.142487649931899,0.0,0.0,0.0
limestone,1.4,668.8,670.1,2.195,5132.48,2575.92,2.7,30.0,water,0.28,0.67,0.04,0.0,0.1,0.02,0.06,0.09,0.02,0.0,0.05,0.010995574287564275,24.135285561203585,16.170641326006404,0.9654114224481434,0.0,2.4135285561203585,0.4827057112240717,1.448117133672215,2.1721757005083226,0.4827057112240717,0.0
limestone,1.4,670.1,671.5,2.157,4727.06,2220.07,0.0,34.0,water,0.32,0.84,0.13,0.02,0.0,0.0,0.0,0.01,0.0,0.0,0.05,0.010995574287564275,23.71745373827614,19.92266114015196,3.0832689859758986,0.47434907476552285,0.0,0.0,0.0,0.23717453738276142,0.0,0.0
limestone,1.4,671.5,672.8,2.189,4833.17,2305.41,0.0,31.0,water,0.31,0.93,0.02,0.01,0.02,0.0,0.02,0.0,0.0,0.0,0.05,0.010995574287564275,24.069312115478198,22.384460267394726,0.48138624230956395,0.24069312115478197,0.48138624230956395,0.0,0.48138624230956395,0.0,0.0,0.0
limestone,1.4,672.8,674.2,2.169,4748.53,2241.06,1.2,33.0,water,0.31,0.88,0.08,0.02,0.01,0.01,0.0,0.0,0.0,0.0,0.05,0.010995574287564275,23.84940062972691,20.987472554159684,1.907952050378153,0.47698801259453827,0.23849400629726913,0.23849400629726913,0.0,0.0,0.0,0.0
limestone,1.4,674.2,675.5,2.144,4688.15,2208.0,0.0,33.0,water,0.31,0.97,0.0,0.0,0.03,0.0,0.0,0.0,0.0,0.0,0.05,0.010995574287564275,23.57451127253781,22.867275934361675,0.0,0.0,0.7072353381761343,0.0,0.0,0.0,0.0,0.0
limestone,1.4,675.5,676.9,2.137,4709.85,2209.46,0.1,34.0,water,0.32,0.94,0.02,0.01,0.0,0.01,0.02,0.0,0.0,0.0,0.05,0.010995574287564275,23.49754225252486,22.087689717373365,0.46995084505049717,0.23497542252524858,0.0,0.23497542252524858,0.46995084505049717,0.0,0.0,0.0
limestone,1.4,676.9,678.2,2.104,5188.91,2538.03,0.0,35.0,water,0.3,0.61,0.01,0.0,0.0,0.0,0.0,0.38,0.0,0.0,0.05,0.010995574287564275,23.134688301035236,14.112159863631494,0.23134688301035236,0.0,0.0,0.0,0.0,8.79118155439339,0.0,0.0
limestone,1.4,678.2,679.6,2.19,5074.2,2391.63,9.6,35.0,water,0.31,0.54,0.04,0.06,0.0,0.0,0.0,0.19,0.11,0.06,0.05,0.010995574287564275,24.080307689765764,13.003366152473513,0.9632123075906306,1.4448184613859458,0.0,0.0,0.0,4.575258461055495,2.648833845874234,1.4448184613859458
limestone,1.4,679.6,680.9,2.197,4875.59,2326.18,4.7,33.0,water,0.31,0.75,0.1,0.05,0.0,0.01,0.05,0.01,0.01,0.02,0.05,0.010995574287564275,24.157276709778714,18.117957532334035,2.4157276709778714,1.2078638354889357,0.0,0.24157276709778713,1.2078638354889357,0.24157276709778713,0.24157276709778713,0.48314553419557427
limestone,1.4,680.9,682.3,2.291,4848.13,2283.19,0.0,31.0,water,0.32,0.86,0.01,0.13,0.0,0.0,0.0,0.0,0.0,0.0,0.05,0.010995574287564275,25.190860692809753,21.664140195816387,0.2519086069280975,3.274811890065268,0.0,0.0,0.0,0.0,0.0,0.0
limestone,1.4,682.3,683.6,2.161,5014.83,2437.07,19.5,33.0,water,0.3,0.69,0.01,0.02,0.01,0.16,0.0,0.03,0.04,0.04,0.05,0.010995574287564275,23.7614360354264,16.395390864444213,0.237614360354264,0.475228720708528,0.237614360354264,3.801829765668224,0.0,0.7128430810627919,0.950457441417056,0.950457441417056
limestone,1.4,683.6,685.0,2.116,4607.68,2257.95,10.2,35.0,water,0.27,0.77,0.0,0.02,0.15,0.05,0.01,0.0,0.0,0.0,0.05,0.010995574287564275,23.266635192486007,17.915309098214227,0.0,0.46533270384972014,3.4899952788729007,1.1633317596243005,0.23266635192486007,0.0,0.0,0.0
limestone,2.4,836.0,838.4,2.083,5092.3,2669.57,11.2,30.0,gas,0.3,0.59,0.01,0.0,0.0,0.0,0.0,0.33,0.0,0.07,0.05,0.01884955592153876,39.26362498456524,23.165538740893492,0.39263624984565243,0.0,0.0,0.0,0.0,12.956996244906529,0.0,2.7484537489195673
limestone,2.4,838.4,840.9,2.172,4863.11,2550.42,10.4,30.0,gas,0.29,0.6,0.0,0.1,0.07,0.05,0.0,0.13,0.02,0.03,0.05,0.01884955592153876,40.94123546158219,24.564741276949313,0.0,4.094123546158219,2.8658864823107533,2.0470617730791094,0.0,5.322360610005685,0.8188247092316437,1.2282370638474656
limestone,2.4,840.9,843.3,2.004,4536.27,2404.13,4.9,33.0,gas,0.28,0.71,0.07,0.01,0.09,0.05,0.07,0.0,0.0,0.0,0.05,0.01884955592153876,37.774510066763675,26.819902147402207,2.6442157046734573,0.3777451006676368,3.3997059060087307,1.8887255033381838,2.6442157046734573,0.0,0.0,0.0
limestone,2.4,843.3,845.8,2.074,4545.77,2326.95,0.4,32.0,gas,0.31,0.8,0.1,0.04,0.02,0.01,0.02,0.01,0.0,0.0,0.05,0.01884955592153876,39.093978981271384,31.27518318501711,3.9093978981271387,1.5637591592508553,0.7818795796254276,0.3909397898127138,0.7818795796254276,0.3909397898127138,0.0,0.0
limestone,2.4,845.8,848.2,1.951,4302.29,2147.06,0.0,35.0,gas,0.32,0.97,0.0,0.01,0.0,0.0,0.0,0.01,0.01,0.0,0.05,0.01884955592153876,36.77548360292212,35.67221909483446,0.0,0.3677548360292212,0.0,0.0,0.0,0.3677548360292212,0.3677548360292212,0.0
limestone,2.4,848.2,850.7,2.067,4364.6,2181.24,0.0,34.0,gas,0.32,0.88,0.01,0.11,0.0,0.0,0.0,0.0,0.0,0.0,0.05,0.01884955592153876,38.96203208982062,34.286588239042146,0.3896203208982062,4.285823529880268,0.0,0.0,0.0,0.0,0.0,0.0
limestone,2.4,850.7,853.1,2.005,4358.52,2220.72,2.3,34.0,gas,0.3,0.86,0.04,0.04,0.04,0.02,0.0,0.0,0.0,0.0,0.05,0.01884955592153876,37.79335962268521,32.50228927550928,1.5117343849074083,1.5117343849074083,1.5117343849074083,0.7558671924537042,0.0,0.0,0.0,0.0
limestone,2.4,853.1,855.6,1.982,4327.77,2176.66,0.6,35.0,gas,0.32,0.91,0.01,0.05,0.0,0.01,0.02,0.0,0.0,0.0,0.05,0.01884955592153876,37.35981983648982,33.99743605120574,0.3735981983648982,1.867990991824491,0.0,0.3735981983648982,0.7471963967297964,0.0,0.0,0.0
limestone,2.4,855.6,858.0,2.014,4311.13,2157.05,0.0,35.0,gas,0.32,0.87,0.05,0.08,0.0,0.0,0.0,0.0,0.0,0.0,0.05,0.01884955592153876,37.96300562597906,33.02781489460178,1.898150281298953,3.0370404500783246,0.0,0.0,0.0,0.0,0.0,0.0
limestone,2.4,858.0,860.5,2.015,4680.2,2483.03,19.7,33.0,gas,0.28,0.58,0.01,0.02,0.05,0.07,0.14,0.01,0.01,0.11,0.05,0.01884955592153876,37.9818551819006,22.029476005502346,0.379818551819006,0.759637103638012,1.89909275909503,2.658729862733042,5.317459725466084,0.379818551819006,0.379818551819006,4.178004070009066
limestone,2.4,860.5,862.9,2.067,4672.05,2495.25,8.0,31.0,gas,0.26,0.63,0.0,0.02,0.15,0.0,0.0,0.15,0.0,0.05,0.05,0.01884955592153876,38.96203208982062,24.54608021658699,0.0,0.7792406417964124,5.844304813473093,0.0,0.0,5.844304813473093,0.0,1.9481016044910309
limestone,2.4,862.9,865.4,2.023,4385.05,2207.16,0.8,35.0,gas,0.31,0.8,0.04,0.08,0.02,0.01,0.0,0.02,0.03,0.0,0.05,0.01884955592153876,38.132651629272914,30.506121303418333,1.5253060651709165,3.050612130341833,0.7626530325854582,0.3813265162927291,0.0,0.7626530325854582,1.1439795488781874,0.0
limestone,2.4,865.4,867.8,1.976,4318.72,2172.22,0.0,34.0,gas,0.31,0.97,0.0,0.01,0.02,0.0,0.0,0.0,0.0,0.0,0.05,0.01884955592153876,37.24672250096059,36.12932082593177,0.0,0.3724672250096059,0.7449344500192118,0.0,0.0,0.0,0.0,0.0
limestone,2.4,867.8,870.3,2.002,4374.11,2190.78,3.2,34.0,gas,0.32,0.88,0.06,0.03,0.0,0.0,0.0,0.0,0.01,0.02,0.05,0.01884955592153876,37.73681095492059,33.20839364033012,2.2642086572952356,1.1321043286476178,0.0,0.0,0.0,0.0,0.3773681095492059,0.7547362190984118
limestone,2.4,870.3,872.7,2.061,4564.53,2299.38,3.2,31.0,gas,0.32,0.94,0.0,0.0,0.0,0.0,0.0,0.03,0.01,0.02,0.05,0.01884955592153876,38.84893475429138,36.517998669033894,0.0,0.0,0.0,0.0,0.0,1.1654680426287414,0.3884893475429138,0.7769786950858276
limestone,2.4,872.7,875.2,1.978,4377.67,2191.55,1.6,34.0,gas,0.32,0.95,0.0,0.01,0.0,0.0,0.0,0.02,0.01,0.01,0.05,0.01884955592153876,37.28442161280367,35.420200532163484,0.0,0.3728442161280367,0.0,0.0,0.0,0.7456884322560734,0.3728442161280367,0.3728442161280367
limestone,2.4,875.2,877.6,2.036,4717.04,2363.37,7.0,34.0,gas,0.31,0.65,0.03,0.02,0.01,0.01,0.06,0.03,0.16,0.03,0.05,0.01884955592153876,38.37769585625291,24.945502306564393,1.1513308756875873,0.7675539171250583,0.38377695856252914,0.38377695856252914,2.3026617513751746,1.1513308756875873,6.140431337000466,1.1513308756875873
limestone,2.4,877.6,880.1,2.101,4856.18,2470.01,3.2,31.0,gas,0.32,0.73,0.01,0.03,0.0,0.0,0.0,0.15,0.06,0.02,0.05,0.01884955592153876,39.60291699115293,28.91012940354164,0.3960291699115293,1.188087509734588,0.0,0.0,0.0,5.940437548672939,2.376175019469176,0.7920583398230586
limestone,2.4,880.1,882.5,1.949,4285.95,2153.54,1.6,35.0,gas,0.32,0.94,0.02,0.01,0.01,0.0,0.01,0.0,0.0,0.01,0.05,0.01884955592153876,36.73778449107904,34.5335174216143,0.7347556898215808,0.3673778449107904,0.3673778449107904,0.0,0.3673778449107904,0.0,0.0,0.3673778449107904
limestone,2.4,882.5,885.0,2.06,4899.59,2547.28,3.2,32.0,gas,0.31,0.65,0.01,0.04,0.0,0.0,0.0,0.28,0.0,0.02,0.05,0.01884955592153876,38.830085198369844,25.2395553789404,0.38830085198369846,1.5532034079347938,0.0,0.0,0.0,10.872423855543557,0.0,0.7766017039673969
limestone,1.5,885.0,886.5,1.946,5081.73,2506.36,0.0,35.0,oil,0.3,0.58,0.07,0.01,0.0,0.0,0.0,0.32,0.02,0.0,0.05,0.011780972450961725,22.925772389571517,13.296947985951478,1.6048040672700064,0.22925772389571517,0.0,0.0,0.0,7.336247164662885,0.45851544779143033,0.0
limestone,1.5,886.5,888.0,1.975,4570.85,2162.04,1.6,35.0,oil,0.32,0.87,0.09,0.03,0.0,0.0,0.0,0.0,0.0,0.01,0.05,0.011780972450961725,23.267420590649408,20.242655913864986,2.0940678531584465,0.6980226177194823,0.0,0.0,0.0,0.0,0.0,0.2326742059064941
limestone,1.5,888.0,889.5,2.085,4798.35,2326.51,2.7,30.0,oil,0.31,0.96,0.0,0.0,0.02,0.02,0.0,0.0,0.0,0.0,0.05,0.011780972450961725,24.563327560255196,23.580794457844988,0.0,0.0,0.49126655120510393,0.49126655120510393,0.0,0.0,0.0,0.0
limestone,1.5,889.5,891.0,2.03,4735.75,2251.01,1.6,32.0,oil,0.32,0.96,0.0,0.0,0.0,0.0,0.0,0.01,0.02,0.01,0.05,0.011780972450961725,23.9153740754523,22.958759112434205,0.0,0.0,0.0,0.0,0.0,0.239153740754523,0.478307481509046,0.239153740754523
limestone,1.5,891.0,892.5,1.983,4586.93,2217.41,2.0,34.0,oil,0.3,0.89,0.01,0.02,0.06,0.01,0.01,0.0,0.0,0.0,0.05,0.011780972450961725,23.361668370257103,20.791884849528824,0.23361668370257105,0.4672333674051421,1.401700102215426,0.23361668370257105,0.23361668370257105,0.0,0.0,0.0
limestone,1.5,892.5,894.0,1.97,4559.43,2293.81,0.0,35.0,oil,0.26,0.69,0.03,0.04,0.18,0.01,0.05,0.0,0.0,0.0,0.05,0.011780972450961725,23.208515728394598,16.01387585259227,0.6962554718518379,0.928340629135784,4.177532831111027,0.232085157283946,1.16042578641973,0.0,0.0,0.0
limestone,1.5,894.0,895.5,2.06,4799.75,2495.64,0.6,31.0,oil,0.24,0.65,0.03,0.01,0.21,0.01,0.09,0.0,0.0,0.0,0.05,0.011780972450961725,24.268803248981154,15.77472211183775,0.7280640974694346,0.24268803248981155,5.096448682286042,0.24268803248981155,2.1841922924083037,0.0,0.0,0.0
limestone,1.5,895.5,897.0,2.053,4655.17,2240.87,0.0,33.0,oil,0.31,0.87,0.02,0.06,0.04,0.0,0.01,0.0,0.0,0.0,0.05,0.011780972450961725,24.18633644182442,21.042112704387243,0.48372672883648843,1.4511801865094651,0.9674534576729769,0.0,0.24186336441824421,0.0,0.0,0.0
limestone,1.5,897.0,898.5,1.938,4519.57,2137.87,0.0,35.0,oil,0.31,0.98,0.0,0.0,0.02,0.0,0.0,0.0,0.0,0.0,0.05,0.011780972450961725,22.83152460996382,22.374894117764544,0.0,0.0,0.4566304921992764,0.0,0.0,0.0,0.0,0.0
limestone,1.5,898.5,900.0,2.093,4926.69,2469.15,5.1,32.0,oil,0.29,0.69,0.03,0.07,0.05,0.04,0.12,0.0,0.0,0.0,0.05,0.011780972450961725,24.657575339862888,17.013726984505393,0.7397272601958866,1.7260302737904023,1.2328787669931445,0.9863030135945156,2.9589090407835466,0.0,0.0,0.0
limestone,1.5,900.0,901.5,2.098,4661.53,2222.53,0.0,33.0,oil,0.31,0.86,0.01,0.11,0.02,0.0,0.0,0.0,0.0,0.0,0.05,0.011780972450961725,24.716480202117697,21.25617297382122,0.247164802021177,2.718812822232947,0.494329604042354,0.0,0.0,0.0,0.0,0.0
limestone,1.5,901.5,903.0,2.054,4702.36,2309.54,17.7,32.0,oil,0.29,0.72,0.0,0.03,0.09,0.0,0.02,0.02,0.01,0.11,0.05,0.011780972450961725,24.198117414275384,17.422644538278277,0.0,0.7259435224282614,2.1778305672847846,0.0,0.48396234828550766,0.48396234828550766,0.24198117414275383,2.661792915570292
limestone,1.5,903.0,904.5,1.967,5008.19,2445.59,6.8,35.0,oil,0.3,0.58,0.03,0.02,0.03,0.01,0.07,0.14,0.09,0.03,0.05,0.011780972450961725,23.173172811041717,13.440440230404194,0.6951951843312515,0.46346345622083435,0.6951951843312515,0.23173172811041717,1.6221220967729204,3.244244193545841,2.0855855529937544,0.6951951843312515
limestone,1.5,904.5,906.0,2.067,4753.8,2278.16,0.7,31.0,oil,0.32,0.97,0.01,0.01,0.0,0.01,0.0,0.0,0.0,0.0,0.05,0.011780972450961725,24.35127005613789,23.620731954453753,0.2435127005613789,0.2435127005613789,0.0,0.2435127005613789,0.0,0.0,0.0,0.0
limestone,1.5,906.0,907.5,2.146,4782.61,2281.39,1.6,31.0,oil,0.32,0.88,0.01,0.09,0.0,0.0,0.0,0.0,0.01,0.01,0.05,0.011780972450961725,25.28196687976386,22.248130854192198,0.2528196687976386,2.2753770191787472,0.0,0.0,0.0,0.0,0.2528196687976386,0.2528196687976386
limestone,1.5,907.5,909.0,1.937,4580.31,2183.46,2.3,35.0,oil,0.31,0.95,0.0,0.0,0.01,0.02,0.02,0.0,0.0,0.0,0.05,0.011780972450961725,22.81974363751286,21.678756455637217,0.0,0.0,0.22819743637512863,0.45639487275025725,0.45639487275025725,0.0,0.0,0.0
limestone,1.5,909.0,910.5,1.95,4544.18,2140.97,0.0,35.0,oil,0.32,0.96,0.03,0.01,0.0,0.0,0.0,0.0,0.0,0.0,0.05,0.011780972450961725,22.972896279375362,22.053980428200347,0.6891868883812609,0.22972896279375363,0.0,0.0,0.0,0.0,0.0,0.0
limestone,1.5,910.5,912.0,2.021,4598.69,2176.29,1.9,35.0,oil,0.32,0.85,0.04,0.09,0.0,0.01,0.0,0.01,0.0,0.0,0.05,0.011780972450961725,23.809345323393643,20.237943524884596,0.9523738129357457,2.1428410791054278,0.0,0.23809345323393644,0.0,0.23809345323393644,0.0,0.0
limestone,1.5,912.0,913.5,2.048,4750.89,2458.45,2.4,32.0,oil,0.24,0.63,0.03,0.03,0.21,0.02,0.08,0.0,0.0,0.0,0.05,0.011780972450961725,24.127431579569613,15.200281895128857,0.7238229473870884,0.7238229473870884,5.066760631709618,0.4825486315913923,1.930194526365569,0.0,0.0,0.0
limestone,1.5,913.5,915.0,2.056,4921.7,2509.68,5.9,32.0,oil,0.26,0.63,0.01,0.03,0.13,0.04,0.12,0.01,0.03,0.0,0.05,0.011780972450961725,24.22167935917731,15.259657996281705,0.2422167935917731,0.7266503807753192,3.1488183166930503,0.9688671743670924,2.9066015231012767,0.2422167935917731,0.7266503807753192,0.0
limestone,1.4,915.0,916.4,2.224,5049.82,2342.71,8.0,33.0,water,0.32,0.66,0.03,0.07,0.0,0.0,0.0,0.05,0.14,0.05,0.05,0.010995574287564275,24.454157215542953,16.139743762258348,0.7336247164662886,1.7117910050880067,0.0,0.0,0.0,1.2227078607771478,3.4235820101760135,1.2227078607771478
limestone,1.4,916.4,917.9,2.273,4929.37,2338.47,6.4,30.0,water,0.32,0.82,0.03,0.08,0.0,0.0,0.0,0.02,0.01,0.04,0.05,0.010995574287564275,24.9929403556336,20.49421109161955,0.7497882106690079,1.999435228450688,0.0,0.0,0.0,0.499858807112672,0.249929403556336,0.999717614225344
limestone,1.4,917.9,919.3,2.128,4684.86,2188.76,0.0,34.0,water,0.32,0.98,0.0,0.0,0.0,0.0,0.02,0.0,0.0,0.0,0.05,0.010995574287564275,23.39858208393678,22.930610442258043,0.0,0.0,0.0,0.0,0.4679716416787356,0.0,0.0,0.0
limestone,1.4,919.3,920.8,2.169,4729.58,2191.62,1.6,35.0,water,0.32,0.81,0.08,0.05,0.0,0.0,0.0,0.01,0.04,0.01,0.05,0.010995574287564275,23.84940062972691,19.3180145100788,1.907952050378153,1.1924700314863457,0.0,0.0,0.0,0.23849400629726913,0.9539760251890765,0.23849400629726913
limestone,1.4,920.8,922.2,2.196,4867.25,2317.45,0.0,31.0,water,0.32,0.89,0.08,0.01,0.0,0.01,0.01,0.0,0.0,0.0,0.05,0.010995574287564275,24.14628113549115,21.490190210587123,1.9317024908392921,0.24146281135491152,0.0,0.24146281135491152,0.24146281135491152,0.0,0.0,0.0
limestone,1.4,922.2,923.7,2.227,4779.2,2237.0,0.0,33.0,water,0.32,0.85,0.04,0.09,0.0,0.0,0.0,0.01,0.01,0.0,0.05,0.010995574287564275,24.48714393840564,20.814072347644792,0.9794857575362257,2.2038429544565075,0.0,0.0,0.0,0.24487143938405642,0.24487143938405642,0.0
limestone,1.4,923.7,925.1,2.111,4487.19,2337.19,4.3,34.0,water,0.2,0.61,0.0,0.0,0.37,0.02,0.0,0.0,0.0,0.0,0.05,0.010995574287564275,23.21165732104819,14.159110965839396,0.0,0.0,8.58831320878783,0.4642331464209638,0.0,0.0,0.0,0.0
limestone,1.4,925.1,926.6,2.246,5040.32,2411.39,6.4,30.0,water,0.32,0.8,0.0,0.05,0.0,0.0,0.0,0.09,0.02,0.04,0.05,0.010995574287564275,24.69605984986936,19.75684787989549,0.0,1.234802992493468,0.0,0.0,0.0,2.2226453864882423,0.49392119699738724,0.9878423939947745
limestone,1.4,926.6,928.0,2.199,4864.78,2314.27,3.2,30.0,water,0.32,0.94,0.02,0.0,0.01,0.0,0.0,0.01,0.0,0.02,0.05,0.010995574287564275,24.17926785835384,22.728511786852607,0.4835853571670768,0.0,0.2417926785835384,0.0,0.0,0.2417926785835384,0.0,0.4835853571670768
limestone,1.4,928.0,929.5,2.212,4790.98,2348.5,2.1,32.0,water,0.28,0.69,0.13,0.05,0.11,0.01,0.01,0.0,0.0,0.0,0.05,0.010995574287564275,24.32221032409218,16.782325123623604,3.1618873421319833,1.216110516204609,2.6754431356501396,0.2432221032409218,0.2432221032409218,0.0,0.0,0.0
limestone,1.4,929.5,930.9,2.233,5083.76,2392.02,16.1,31.0,water,0.32,0.67,0.02,0.06,0.0,0.0,0.0,0.06,0.09,0.1,0.05,0.010995574287564275,24.553117384131028,16.45058864736779,0.4910623476826206,1.4731870430478615,0.0,0.0,0.0,1.4731870430478615,2.2097805645717923,2.455311738413103
limestone,1.4,930.9,932.4,2.145,4645.53,2184.0,2.1,35.0,water,0.31,0.87,0.04,0.04,0.03,0.01,0.01,0.0,0.0,0.0,0.05,0.010995574287564275,23.58550684682537,20.51939095673807,0.9434202738730149,0.9434202738730149,0.7075652054047611,0.23585506846825371,0.23585506846825371,0.0,0.0,0.0
limestone,1.4,932.4,933.8,2.216,4926.0,2330.55,1.6,31.0,water,0.32,0.82,0.1,0.03,0.0,0.0,0.0,0.01,0.03,0.01,0.05,0.010995574287564275,24.366192621242437,19.9802779494188,2.436619262124244,0.7309857786372731,0.0,0.0,0.0,0.24366192621242438,0.7309857786372731,0.24366192621242438
limestone,1.4,933.8,935.3,2.146,4753.75,2255.75,1.1,34.0,water,0.31,0.83,0.11,0.01,0.01,0.01,0.03,0.0,0.0,0.0,0.05,0.010995574287564275,23.596502421112934,19.585097009523736,2.595615266322423,0.23596502421112933,0.23596502421112933,0.23596502421112933,0.707895072633388,0.0,0.0,0.0
limestone,1.4,935.3,936.7,2.201,4862.49,2302.86,0.0,31.0,water,0.32,0.88,0.1,0.01,0.0,0.0,0.0,0.0,0.01,0.0,0.05,0.010995574287564275,24.20125900692897,21.297107926097496,2.4201259006928972,0.2420125900692897,0.0,0.0,0.0,0.0,0.2420125900692897,0.0
limestone,1.4,936.7,938.2,2.305,5160.65,2481.39,3.2,30.0,water,0.31,0.68,0.01,0.13,0.0,0.0,0.0,0.13,0.03,0.02,0.05,0.010995574287564275,25.34479873283566,17.23446313832825,0.2534479873283566,3.2948238352686356,0.0,0.0,0.0,3.2948238352686356,0.7603439619850698,0.5068959746567132
limestone,1.4,938.2,939.6,2.191,4912.52,2513.96,2.0,30.0,water,0.25,0.64,0.06,0.0,0.21,0.02,0.0,0.07,0.0,0.0,0.05,0.010995574287564275,24.091303264053327,15.418434088994129,1.4454781958431995,0.0,5.059173685451198,0.48182606528106653,0.0,1.686391228483733,0.0,0.0
limestone,1.4,939.6,941.1,2.111,4671.23,2168.78,1.6,35.0,water,0.32,0.95,0.0,0.0,0.0,0.0,0.0,0.03,0.01,0.01,0.05,0.010995574287564275,23.21165732104819,22.051074454995778,0.0,0.0,0.0,0.0,0.0,0.6963497196314457,0.2321165732104819,0.2321165732104819
limestone,1.4,941.1,942.5,2.205,4723.12,2211.39,1.6,34.0,water,0.32,0.79,0.12,0.08,0.0,0.0,0.0,0.0,0.0,0.01,0.05,0.010995574287564275,24.24524130407923,19.153740630222593,2.9094289564895073,1.9396193043263383,0.0,0.0,0.0,0.0,0.0,0.2424524130407923
limestone,1.4,942.5,944.0,2.157,4751.92,2222.03,3.2,33.0,water,0.32,0.94,0.0,0.01,0.0,0.0,0.0,0.02,0.01,0.02,0.05,0.010995574287564275,23.71745373827614,22.29440651397957,0.0,0.23717453738276142,0.0,0.0,0.0,0.47434907476552285,0.23717453738276142,0.47434907476552285
limestone,1.9,1054.0,1055.9,2.273,5457.51,2677.9,4.8,26.0,water,0.31,0.72,0.02,0.01,0.0,0.0,0.0,0.17,0.05,0.03,0.05,0.014922565104551517,33.9189904826456,24.42167314750483,0.678379809652912,0.339189904826456,0.0,0.0,0.0,5.766228382049752,1.69594952413228,1.0175697144793678
limestone,1.9,1055.9,1057.8,2.208,4820.33,2279.13,32.1,30.0,water,0.32,0.75,0.05,0.0,0.0,0.0,0.0,0.0,0.0,0.2,0.05,0.014922565104551517,32.949023750849754,24.711767813137314,1.6474511875424878,0.0,0.0,0.0,0.0,0.0,0.0,6.589804750169951
limestone,1.9,1057.8,1059.7,2.338,5137.57,2483.81,0.0,25.0,water,0.32,0.92,0.01,0.06,0.0,0.0,0.0,0.01,0.0,0.0,0.05,0.014922565104551517,34.88895721444145,32.09784063728613,0.34888957214441446,2.0933374328664867,0.0,0.0,0.0,0.34888957214441446,0.0,0.0
limestone,1.9,1059.7,1061.6,2.229,4858.75,2332.33,1.7,30.0,water,0.31,0.9,0.01,0.04,0.04,0.01,0.0,0.0,0.0,0.0,0.05,0.014922565104551517,33.262397618045334,29.9361578562408,0.33262397618045336,1.3304959047218134,1.3304959047218134,0.33262397618045336,0.0,0.0,0.0,0.0
limestone,1.9,1061.6,1063.5,2.268,5011.22,2402.33,0.0,27.0,water,0.32,0.96,0.02,0.02,0.0,0.0,0.0,0.0,0.0,0.0,0.05,0.014922565104551517,33.844377657122834,32.49060255083792,0.6768875531424567,0.6768875531424567,0.0,0.0,0.0,0.0,0.0,0.0
limestone,1.9,1063.5,1065.4,2.217,4907.96,2335.41,1.6,29.0,water,0.32,0.96,0.03,0.0,0.0,0.0,0.0,0.0,0.0,0.01,0.05,0.014922565104551517,33.08332683679072,31.759993763319088,0.9924998051037215,0.0,0.0,0.0,0.0,0.0,0.0,0.33083326836790716
limestone,1.9,1065.4,1067.3,2.282,5086.83,2461.9,0.0,25.0,water,0.32,0.99,0.0,0.0,0.01,0.0,0.0,0.0,0.0,0.0,0.05,0.014922565104551517,34.05329356858657,33.712760632900704,0.0,0.0,0.3405329356858657,0.0,0.0,0.0,0.0,0.0
limestone,1.9,1067.3,1069.2,2.319,5119.3,2484.75,1.6,25.0,water,0.32,0.93,0.01,0.04,0.01,0.01,0.0,0.0,0.0,0.0,0.05,0.014922565104551517,34.605428477454964,32.183048484033115,0.34605428477454964,1.3842171390981985,0.34605428477454964,0.34605428477454964,0.0,0.0,0.0,0.0
limestone,1.9,1069.2,1071.1,2.231,4934.76,2356.76,0.0,29.0,water,0.32,0.91,0.08,0.01,0.0,0.0,0.0,0.0,0.0,0.0,0.05,0.014922565104551517,33.29224274825443,30.295940900911532,2.6633794198603544,0.3329224274825443,0.0,0.0,0.0,0.0,0.0,0.0
limestone,1.9,1071.1,1073.0,2.216,4963.25,2374.68,0.0,29.0,water,0.32,0.94,0.03,0.0,0.0,0.0,0.0,0.03,0.0,0.0,0.05,0.014922565104551517,33.06840427168616,31.08430001538499,0.9920521281505849,0.0,0.0,0.0,0.0,0.9920521281505849,0.0,0.0
limestone,1.9,1073.0,1074.9,2.226,5468.32,2717.88,1.6,29.0,water,0.3,0.63,0.0,0.02,0.0,0.0,0.0,0.33,0.01,0.01,0.05,0.014922565104551517,33.217629922731675,20.927106851320953,0.0,0.6643525984546335,0.0,0.0,0.0,10.961817874501453,0.33217629922731673,0.33217629922731673
limestone,1.9,1074.9,1076.8,2.295,5426.31,2687.34,4.8,25.0,water,0.31,0.75,0.03,0.01,0.0,0.0,0.0,0.17,0.01,0.03,0.05,0.014922565104551517,34.24728691494573,25.6854651862093,1.027418607448372,0.34247286914945735,0.0,0.0,0.0,5.822038775540775,0.34247286914945735,1.027418607448372
limestone,1.9,1076.8,1078.7,2.274,5115.92,2485.48,0.0,26.0,water,0.32,0.95,0.0,0.01,0.0,0.0,0.04,0.0,0.0,0.0,0.05,0.014922565104551517,33.933913047750146,32.237217395362634,0.0,0.33933913047750147,0.0,0.0,1.3573565219100059,0.0,0.0,0.0
limestone,1.9,1078.7,1080.6,2.275,5502.72,2868.89,8.7,25.0,water,0.27,0.63,0.02,0.01,0.06,0.05,0.23,0.0,0.0,0.0,0.05,0.014922565104551517,33.9488356128547,21.387766436098463,0.678976712257094,0.339488356128547,2.036930136771282,1.697441780642735,7.8082321909565815,0.0,0.0,0.0
limestone,1.9,1080.6,1082.5,2.221,5141.41,2504.48,0.0,29.0,water,0.31,0.79,0.09,0.0,0.0,0.0,0.0,0.12,0.0,0.0,0.05,0.014922565104551517,33.14301709720892,26.182983506795047,2.9828715387488027,0.0,0.0,0.0,0.0,3.9771620516650703,0.0,0.0
limestone,1.9,1082.5,1084.4,2.364,5055.11,2422.0,1.6,27.0,water,0.32,0.84,0.0,0.13,0.01,0.0,0.0,0.0,0.01,0.01,0.05,0.014922565104551517,35.27694390715978,29.632632882014217,0.0,4.586002707930772,0.35276943907159786,0.0,0.0,0.0,0.35276943907159786,0.35276943907159786
limestone,1.9,1084.4,1086.3,2.271,5112.57,2493.26,0.0,26.0,water,0.31,0.91,0.05,0.0,0.01,0.0,0.03,0.0,0.0,0.0,0.05,0.014922565104551517,33.88914535243649,30.83912227071721,1.6944572676218248,0.0,0.33889145352436495,0.0,1.0166743605730948,0.0,0.0,0.0
limestone,1.9,1086.3,1088.2,2.285,5215.24,2546.26,4.8,29.0,water,0.31,0.68,0.04,0.08,0.0,0.0,0.0,0.17,0.0,0.03,0.05,0.014922565104551517,34.09806126390022,23.18668165945215,1.3639224505560088,2.7278449011120176,0.0,0.0,0.0,5.796670414863038,0.0,1.0229418379170065
limestone,1.9,1088.2,1090.1,2.222,5040.11,2487.4,6.7,30.0,water,0.3,0.69,0.16,0.02,0.03,0.07,0.03,0.0,0.0,0.0,0.05,0.014922565104551517,33.157939662313474,22.878978366996297,5.305270345970156,0.6631587932462695,0.9947381898694042,2.3210557763619435,0.9947381898694042,0.0,0.0,0.0
limestone,1.9,1090.1,1092.0,2.286,5018.48,2405.51,0.0,27.0,water,0.32,0.94,0.02,0.04,0.0,0.0,0.0,0.0,0.0,0.0,0.05,0.014922565104551517,34.11298382900477,32.06620479926448,0.6822596765800953,1.3645193531601907,0.0,0.0,0.0,0.0,0.0,0.0
limestone,1.7,1150.0,1151.7,2.258,4971.51,2374.38,0.0,29.0,water,0.32,0.91,0.01,0.05,0.0,0.0,0.0,0.03,0.0,0.0,0.05,0.013351768777756621,30.14829390017445,27.434947449158752,0.3014829390017445,1.5074146950087226,0.0,0.0,0.0,0.9044488170052335,0.0,0.0
limestone,1.7,1151.7,1153.4,2.249,5017.49,2429.02,0.6,28.0,water,0.31,0.86,0.1,0.01,0.01,0.01,0.01,0.0,0.0,0.0,0.05,0.013351768777756621,30.02812798117464,25.824190063810192,3.002812798117464,0.3002812798117464,0.3002812798117464,0.3002812798117464,0.3002812798117464,0.0,0.0,0.0
limestone,1.7,1153.4,1155.1,2.308,5126.39,2483.47,0.0,25.0,water,0.32,0.92,0.06,0.02,0.0,0.0,0.0,0.0,0.0,0.0,0.05,0.013351768777756621,30.81588233906228,28.3506117519373,1.8489529403437368,0.6163176467812457,0.0,0.0,0.0,0.0,0.0,0.0
limestone,1.7,1155.1,1156.8,2.295,5064.27,2469.37,15.9,29.0,water,0.3,0.68,0.08,0.09,0.02,0.06,0.01,0.01,0.01,0.04,0.05,0.013351768777756621,30.642309344951446,20.836770354566983,2.4513847475961157,2.75780784104563,0.6128461868990289,1.8385385606970868,0.30642309344951446,0.30642309344951446,0.30642309344951446,1.2256923737980578
limestone,1.7,1156.8,1158.5,2.247,4905.9,2343.91,0.0,30.0,water,0.31,0.86,0.07,0.05,0.01,0.0,0.01,0.0,0.0,0.0,0.05,0.013351768777756621,30.001424443619126,25.801225021512447,2.100099711053339,1.5000712221809565,0.30001424443619124,0.0,0.30001424443619124,0.0,0.0,0.0
limestone,1.7,1158.5,1160.2,2.26,5215.19,2590.39,0.2,26.0,water,0.3,0.85,0.0,0.0,0.04,0.01,0.03,0.07,0.0,0.0,0.05,0.013351768777756621,30.174997437729964,25.64874782207047,0.0,0.0,1.2069998975091987,0.30174997437729967,0.9052499231318989,2.1122498206410976,0.0,0.0
limestone,1.7,1160.2,1161.9,2.217,4897.73,2334.19,0.0,30.0,water,0.32,0.88,0.11,0.01,0.0,0.0,0.0,0.0,0.0,0.0,0.05,0.013351768777756621,29.60087138028643,26.04876681465206,3.2560958518315073,0.2960087138028643,0.0,0.0,0.0,0.0,0.0,0.0
limestone,1.7,1161.9,1163.6,2.283,5096.92,2460.92,0.0,25.0,water,0.32,0.99,0.01,0.0,0.0,0.0,0.0,0.0,0.0,0.0,0.05,0.013351768777756621,30.482088119618364,30.17726723842218,0.30482088119618367,0.0,0.0,0.0,0.0,0.0,0.0,0.0
limestone,1.7,1163.6,1165.3,2.213,4915.62,2338.66,0.0,29.0,water,0.32,0.99,0.0,0.0,0.0,0.0,0.0,0.01,0.0,0.0,0.05,0.013351768777756621,29.547464305175406,29.251989662123652,0.0,0.0,0.0,0.0,0.0,0.2954746430517541,0.0,0.0
limestone,1.7,1165.3,1167.0,2.318,5082.89,2451.62,3.2,26.0,water,0.32,0.87,0.06,0.05,0.0,0.0,0.0,0.0,0.0,0.02,0.05,0.013351768777756621,30.949400026839847,26.925978023350666,1.8569640016103908,1.5474700013419924,0.0,0.0,0.0,0.0,0.0,0.6189880005367969
limestone,1.7,1167.0,1168.7,2.282,5225.98,2681.89,2.0,26.0,water,0.27,0.68,0.04,0.03,0.11,0.14,0.0,0.0,0.0,0.0,0.05,0.013351768777756621,30.46873635084061,20.718740718571617,1.2187494540336246,0.9140620905252184,3.3515609985924675,4.265623089117686,0.0,0.0,0.0,0.0
limestone,1.7,1168.7,1170.4,2.336,5401.67,2598.73,22.5,25.0,water,0.31,0.58,0.02,0.04,0.05,0.0,0.0,0.02,0.15,0.14,0.05,0.013351768777756621,31.189731864839466,18.09004448160689,0.6237946372967893,1.2475892745935786,1.5594865932419735,0.0,0.0,0.6237946372967893,4.6784597797259195,4.3665624610775255
limestone,1.7,1170.4,1172.1,2.283,5152.82,2500.85,0.0,25.0,water,0.32,0.96,0.01,0.0,0.0,0.0,0.0,0.03,0.0,0.0,0.05,0.013351768777756621,30.482088119618364,29.26280459483363,0.30482088119618367,0.0,0.0,0.0,0.0,0.9144626435885509,0.0,0.0
limestone,1.7,1172.1,1173.8,2.27,4952.64,2361.96,0.0,29.0,water,0.32,0.89,0.04,0.06,0.0,0.0,0.0,0.01,0.0,0.0,0.05,0.013351768777756621,30.30851512550753,26.9745784617017,1.2123406050203012,1.8185109075304517,0.0,0.0,0.0,0.3030851512550753,0.0,0.0
limestone,1.7,1173.8,1175.5,2.227,4978.63,2377.89,0.0,29.0,water,0.32,0.91,0.05,0.01,0.0,0.0,0.0,0.02,0.01,0.0,0.05,0.013351768777756621,29.734389068063994,27.058294051938237,1.4867194534031998,0.29734389068063993,0.0,0.0,0.0,0.5946877813612799,0.29734389068063993,0.0
limestone,1.7,1175.5,1177.2,2.275,5085.38,2459.24,0.0,26.0,water,0.32,0.96,0.01,0.01,0.0,0.0,0.02,0.0,0.0,0.0,0.05,0.013351768777756621,30.37527396939631,29.160263010620458,0.3037527396939631,0.3037527396939631,0.0,0.0,0.6075054793879262,0.0,0.0,0.0
limestone,1.7,1177.2,1178.9,2.301,5175.09,2505.62,1.6,25.0,water,0.32,0.93,0.0,0.02,0.0,0.0,0.0,0.03,0.01,0.01,0.05,0.013351768777756621,30.72241995761799,28.571850560584732,0.0,0.6144483991523598,0.0,0.0,0.0,0.9216725987285397,0.3072241995761799,0.3072241995761799
limestone,1.7,1178.9,1180.6,2.277,5009.48,2408.59,0.0,27.0,water,0.32,0.94,0.02,0.03,0.01,0.0,0.0,0.0,0.0,0.0,0.05,0.013351768777756621,30.401977506951827,28.577858856534714,0.6080395501390365,0.9120593252085548,0.30401977506951827,0.0,0.0,0.0,0.0,0.0
limestone,1.7,1180.6,1182.3,2.298,5031.62,2564.6,0.0,26.0,water,0.26,0.73,0.03,0.04,0.17,0.0,0.03,0.0,0.0,0.0,0.05,0.013351768777756621,30.68236465128472,22.398126195437843,0.9204709395385415,1.2272945860513889,5.216001990718403,0.0,0.9204709395385415,0.0,0.0,0.0
limestone,1.7,1182.3,1184.0,2.259,4974.47,2635.77,0.6,27.0,water,0.22,0.55,0.08,0.02,0.29,0.02,0.04,0.0,0.0,0.0,0.05,0.013351768777756621,30.161645668952207,16.588905117923716,2.4129316535161767,0.6032329133790442,8.74687724399614,0.6032329133790442,1.2064658267580883,0.0,0.0,0.0
limestone,2.6,1184.0,1186.6,2.248,4959.01,2362.25,0.0,29.0,water,0.32,0.91,0.04,0.03,0.0,0.0,0.0,0.01,0.01,0.0,0.05,0.02042035224833366,45.90495185425407,41.773506187371204,1.836198074170163,1.3771485556276222,0.0,0.0,0.0,0.4590495185425407,0.4590495185425407,0.0
limestone,2.6,1186.6,1189.2,2.23,5250.08,2590.52,5.5,29.0,water,0.3,0.74,0.0,0.0,0.01,0.05,0.12,0.01,0.05,0.02,0.05,0.02042035224833366,45.53738551378406,33.697665280200205,0.0,0.0,0.4553738551378406,2.276869275689203,5.464486261654087,0.4553738551378406,2.276869275689203,0.9107477102756812
limestone,2.6,1189.2,1191.8,2.246,5040.24,2437.45,0.0,28.0,water,0.31,0.84,0.14,0.0,0.0,0.0,0.01,0.01,0.0,0.0,0.05,0.02042035224833366,45.8641111497574,38.525853365796216,6.420975560966037,0.0,0.0,0.0,0.45864111149757397,0.45864111149757397,0.0,0.0
limestone,2.6,1191.8,1194.4,2.336,5503.53,2692.76,27.3,25.0,water,0.31,0.53,0.02,0.05,0.0,0.0,0.0,0.16,0.07,0.17,0.05,0.02042035224833366,47.70194285210742,25.282029711616936,0.9540388570421484,2.385097142605371,0.0,0.0,0.0,7.632310856337187,3.33913599964752,8.109330284858263
limestone,2.6,1194.4,1197.0,2.396,5247.48,2528.19,11.2,25.0,water,0.32,0.74,0.01,0.11,0.0,0.0,0.0,0.03,0.04,0.07,0.05,0.02042035224833366,48.92716398700745,36.20610135038551,0.4892716398700745,5.381988038570819,0.0,0.0,0.0,1.4678149196102233,1.957086559480298,3.4249014790905217
limestone,2.6,1197.0,1199.6,2.243,5199.88,2688.49,20.5,27.0,water,0.26,0.63,0.06,0.01,0.12,0.12,0.06,0.0,0.0,0.0,0.05,0.02042035224833366,45.802850093012395,28.85579555859781,2.7481710055807436,0.458028500930124,5.496342011161487,5.496342011161487,2.7481710055807436,0.0,0.0,0.0
limestone,2.6,1199.6,1202.2,2.225,5081.82,2636.77,22.1,28.0,water,0.25,0.64,0.02,0.01,0.17,0.1,0.06,0.0,0.0,0.0,0.05,0.02042035224833366,45.43528375254239,29.07858160162713,0.9087056750508478,0.4543528375254239,7.723998237932207,4.5435283752542395,2.726117025152543,0.0,0.0,0.0
limestone,2.6,1202.2,1204.8,2.306,5070.55,2450.64,0.0,26.0,water,0.32,0.91,0.04,0.04,0.01,0.0,0.0,0.0,0.0,0.0,0.05,0.02042035224833366,47.089332284657424,42.851292379038256,1.883573291386297,1.883573291386297,0.47089332284657426,0.0,0.0,0.0,0.0,0.0
limestone,2.6,1204.8,1207.4,2.253,4931.05,2575.83,0.0,26.0,water,0.24,0.72,0.0,0.0,0.26,0.0,0.02,0.0,0.0,0.0,0.05,0.02042035224833366,46.007053615495735,33.12507860315693,0.0,0.0,11.961833940028892,0.0,0.9201410723099147,0.0,0.0,0.0
limestone,2.6,1207.4,1210.0,2.277,4946.23,2615.13,0.9,27.0,water,0.22,0.59,0.0,0.05,0.3,0.02,0.04,0.0,0.0,0.0,0.05,0.02042035224833366,46.49714206945575,27.43331382097889,0.0,2.3248571034727874,13.949142620836724,0.929942841389115,1.85988568277823,0.0,0.0,0.0
limestone,2.6,1210.0,1212.6,2.197,4719.13,2487.99,0.0,30.0,water,0.2,0.59,0.0,0.02,0.36,0.0,0.02,0.0,0.01,0.0,0.05,0.02042035224833366,44.86351388958905,26.46947319485754,0.0,0.897270277791781,16.150865000252058,0.0,0.897270277791781,0.0,0.4486351388958905,0.0
limestone,2.6,1212.6,1215.2,2.232,5466.76,2844.94,57.6,27.0,water,0.28,0.57,0.01,0.02,0.02,0.35,0.03,0.0,0.0,0.0,0.05,0.02042035224833366,45.57822621828073,25.979588944420016,0.4557822621828073,0.9115645243656146,0.9115645243656146,15.952379176398255,1.367346786548422,0.0,0.0,0.0
limestone,2.6,1215.2,1217.8,2.237,4957.16,2378.88,8.7,29.0,water,0.32,0.92,0.01,0.03,0.0,0.04,0.0,0.0,0.0,0.0,0.05,0.02042035224833366,45.680327979522396,42.0259017411606,0.45680327979522395,1.3704098393856718,0.0,1.8272131191808958,0.0,0.0,0.0,0.0
limestone,2.6,1217.8,1220.4,2.286,5082.61,2452.04,0.0,26.0,water,0.32,0.94,0.03,0.02,0.0,0.0,0.0,0.01,0.0,0.0,0.05,0.02042035224833366,46.680925239690744,43.8800697253093,1.4004277571907222,0.9336185047938149,0.0,0.0,0.0,0.46680925239690746,0.0,0.0
limestone,2.6,1220.4,1223.0,2.299,5230.92,2583.38,1.5,25.0,water,0.3,0.82,0.07,0.01,0.03,0.02,0.0,0.04,0.01,0.0,0.05,0.02042035224833366,46.94638981891907,38.49603965151364,3.2862472873243354,0.46946389818919076,1.408391694567572,0.9389277963783815,0.0,1.877855592756763,0.46946389818919076,0.0
limestone,2.6,1223.0,1225.6,2.247,4911.92,2349.21,0.6,30.0,water,0.31,0.89,0.01,0.06,0.01,0.03,0.0,0.0,0.0,0.0,0.05,0.02042035224833366,45.88453150200573,40.8372330367851,0.4588453150200573,2.7530718901203435,0.4588453150200573,1.3765359450601717,0.0,0.0,0.0,0.0
limestone,2.6,1225.6,1228.2,2.3,5160.94,2510.22,0.0,26.0,water,0.32,0.85,0.08,0.03,0.0,0.0,0.0,0.04,0.0,0.0,0.05,0.02042035224833366,46.96681017116741,39.9217886454923,3.757344813693393,1.4090043051350223,0.0,0.0,0.0,1.8786724068466965,0.0,0.0
limestone,2.6,1228.2,1230.8,2.226,5350.76,2528.66,20.9,28.0,water,0.32,0.65,0.01,0.0,0.0,0.0,0.0,0.06,0.15,0.13,0.05,0.02042035224833366,45.455704104790726,29.546207668113972,0.4545570410479073,0.0,0.0,0.0,0.0,2.7273422462874435,6.818355615718609,5.909241533622795
limestone,2.6,1230.8,1233.4,2.299,5250.58,2567.66,0.0,29.0,water,0.31,0.69,0.02,0.1,0.0,0.0,0.0,0.19,0.0,0.0,0.05,0.02042035224833366,46.94638981891907,32.39300897505416,0.9389277963783815,4.694638981891908,0.0,0.0,0.0,8.919814065594624,0.0,0.0
limestone,2.6,1233.4,1236.0,2.227,4925.0,2338.97,6.4,29.0,water,0.32,0.91,0.03,0.01,0.0,0.0,0.0,0.0,0.01,0.04,0.05,0.02042035224833366,45.47612445703905,41.383273255905536,1.3642837337111715,0.4547612445703905,0.0,0.0,0.0,0.0,0.4547612445703905,1.819044978281562
limestone,1.0,1236.0,1237.0,2.33,5188.78,2519.43,0.0,26.0,water,0.32,0.81,0.08,0.06,0.0,0.0,0.0,0.04,0.01,0.0,0.05,0.007853981633974483,18.299777207160545,14.822819537800044,1.4639821765728436,1.0979866324296326,0.0,0.0,0.0,0.7319910882864218,0.18299777207160545,0.0
limestone,1.0,1237.0,1238.0,2.251,5008.13,2402.87,0.0,27.0,water,0.32,0.97,0.03,0.0,0.0,0.0,0.0,0.0,0.0,0.0,0.05,0.007853981633974483,17.67931265807656,17.148933278334265,0.5303793797422969,0.0,0.0,0.0,0.0,0.0,0.0,0.0
limestone,1.0,1238.0,1239.0,2.221,5234.06,2637.4,2.5,29.0,water,0.29,0.69,0.05,0.02,0.02,0.21,0.01,0.0,0.0,0.0,0.05,0.007853981633974483,17.44369320905733,12.036148314249557,0.8721846604528665,0.3488738641811466,0.3488738641811466,3.663175573902039,0.1744369320905733,0.0,0.0,0.0
limestone,1.0,1239.0,1240.0,2.285,5575.01,2795.99,1.6,25.0,water,0.31,0.71,0.0,0.01,0.0,0.0,0.0,0.27,0.0,0.01,0.05,0.007853981633974483,17.946348033631697,12.741907103878503,0.0,0.17946348033631698,0.0,0.0,0.0,4.845513969080558,0.0,0.17946348033631698
limestone,1.0,1240.0,1241.0,2.206,4850.64,2311.09,0.0,30.0,water,0.31,0.95,0.02,0.01,0.02,0.0,0.0,0.0,0.0,0.0,0.05,0.007853981633974483,17.32588348454771,16.45958931032032,0.3465176696909542,0.1732588348454771,0.3465176696909542,0.0,0.0,0.0,0.0,0.0
limestone,1.0,1241.0,1242.0,2.302,5123.08,2477.53,0.0,25.0,water,0.32,0.96,0.01,0.02,0.0,0.0,0.0,0.01,0.0,0.0,0.05,0.007853981633974483,18.079865721409263,17.35667109255289,0.18079865721409263,0.36159731442818527,0.0,0.0,0.0,0.18079865721409263,0.0,0.0
limestone,1.0,1242.0,1243.0,2.233,4985.48,2419.88,0.8,29.0,water,0.31,0.82,0.12,0.01,0.02,0.02,0.01,0.0,0.0,0.0,0.05,0.007853981633974483,17.537940988665024,14.38111161070532,2.104552918639803,0.17537940988665024,0.3507588197733005,0.3507588197733005,0.17537940988665024,0.0,0.0,0.0
limestone,1.0,1243.0,1244.0,2.262,5120.72,2460.03,9.6,27.0,water,0.32,0.86,0.0,0.0,0.0,0.0,0.0,0.05,0.03,0.06,0.05,0.007853981633974483,17.76570645605028,15.278507552203243,0.0,0.0,0.0,0.0,0.0,0.8882853228025142,0.5329711936815085,1.065942387363017
limestone,1.0,1244.0,1245.0,2.281,5341.41,2540.72,6.4,28.0,water,0.32,0.71,0.01,0.01,0.0,0.0,0.0,0.09,0.14,0.04,0.05,0.007853981633974483,17.914932107095797,12.719601796038015,0.179149321070958,0.179149321070958,0.0,0.0,0.0,1.6123438896386217,2.5080904949934117,0.716597284283832
limestone,1.0,1245.0,1246.0,2.271,5219.08,2544.77,4.3,29.0,water,0.29,0.62,0.05,0.02,0.08,0.02,0.02,0.05,0.12,0.02,0.05,0.007853981633974483,17.836392290756052,11.058563220268752,0.8918196145378027,0.35672784581512107,1.4269113832604843,0.35672784581512107,0.35672784581512107,0.8918196145378027,2.140367074890726,0.35672784581512107
limestone,1.0,1246.0,1247.0,2.296,5098.6,2469.02,0.0,26.0,water,0.32,0.87,0.11,0.02,0.0,0.0,0.0,0.0,0.0,0.0,0.05,0.007853981633974483,18.03274183160541,15.688485393496707,1.9836016014765951,0.36065483663210823,0.0,0.0,0.0,0.0,0.0,0.0
limestone,1.0,1247.0,1248.0,2.307,5151.51,2492.1,3.2,25.0,water,0.32,0.9,0.04,0.02,0.0,0.0,0.0,0.01,0.01,0.02,0.05,0.007853981633974483,18.119135629579134,16.30722206662122,0.7247654251831653,0.36238271259158267,0.0,0.0,0.0,0.18119135629579133,0.18119135629579133,0.36238271259158267
limestone,1.0,1248.0,1249.0,2.294,5245.28,2573.77,3.2,25.0,water,0.31,0.81,0.11,0.0,0.0,0.0,0.0,0.06,0.0,0.02,0.05,0.007853981633974483,18.017033868337467,14.59379743335335,1.9818737255171215,0.0,0.0,0.0,0.0,1.081022032100248,0.0,0.36034067736674935
limestone,1.0,1249.0,1250.0,2.316,5174.04,2524.88,0.0,25.0,water,0.32,0.84,0.13,0.02,0.0,0.0,0.01,0.0,0.0,-0.0,0.05,0.007853981633974483,18.189821464284904,15.27945002999932,2.364676790357038,0.3637964292856981,0.0,0.0,0.18189821464284905,0.0,0.0,-0.0
limestone,1.0,1250.0,1251.0,2.218,4914.66,2340.71,0.0,29.0,water,0.32,0.96,0.04,0.0,0.0,0.0,0.0,0.0,0.0,0.0,0.05,0.007853981633974483,17.420131264155405,16.723326013589187,0.6968052505662162,0.0,0.0,0.0,0.0,0.0,0.0,0.0
limestone,1.0,1251.0,1252.0,2.351,5266.62,2578.21,6.4,27.0,water,0.31,0.65,0.06,0.11,0.01,0.0,0.0,0.12,0.01,0.04,0.05,0.007853981633974483,18.46471082147401,12.002062033958108,1.1078826492884406,2.0311181903621414,0.18464710821474012,0.0,0.0,2.215765298576881,0.18464710821474012,0.7385884328589605
limestone,1.0,1252.0,1253.0,2.242,5046.75,2406.46,0.0,28.0,water,0.32,0.92,0.03,0.01,0.0,0.0,0.0,0.01,0.03,0.0,0.05,0.007853981633974483,17.60862682337079,16.199936677501128,0.5282588047011237,0.1760862682337079,0.0,0.0,0.0,0.1760862682337079,0.5282588047011237,0.0
limestone,1.0,1253.0,1254.0,2.226,4914.07,2338.6,0.0,29.0,water,0.32,0.96,0.03,0.01,0.0,0.0,0.0,0.0,0.0,0.0,0.05,0.007853981633974483,17.4829631172272,16.78364459253811,0.5244888935168159,0.17482963117227202,0.0,0.0,0.0,0.0,0.0,0.0
limestone,1.0,1254.0,1255.0,2.248,4995.18,2391.49,0.0,27.0,water,0.32,1.0,0.0,0.0,0.0,0.0,0.0,0.0,0.0,0.0,0.05,0.007853981633974483,17.65575071317464,17.65575071317464,0.0,0.0,0.0,0.0,0.0,0.0,0.0,0.0
limestone,1.0,1255.0,1256.0,2.333,5454.98,2829.53,3.2,25.0,water,0.27,0.59,0.04,0.06,0.08,0.05,0.18,0.0,0.0,0.0,0.05,0.007853981633974483,18.32333915206247,10.810770099716857,0.7329335660824988,1.099400349123748,1.4658671321649976,0.9161669576031235,3.2982010473712444,0.0,0.0,0.0
limestone,2.4,1256.0,1258.4,2.261,5063.34,2432.62,0.0,27.0,water,0.32,0.94,0.02,0.01,0.0,0.0,0.0,0.02,0.01,0.0,0.05,0.01884955592153876,42.61884593859914,40.06171518228319,0.8523769187719827,0.42618845938599137,0.0,0.0,0.0,0.8523769187719827,0.42618845938599137,0.0
limestone,2.4,1258.4,1260.9,2.277,5046.87,2418.13,1.6,27.0,water,0.32,0.93,0.01,0.03,0.0,0.0,0.0,0.01,0.01,0.01,0.05,0.01884955592153876,42.92043883334375,39.91600811500969,0.42920438833343755,1.2876131650003124,0.0,0.0,0.0,0.42920438833343755,0.42920438833343755,0.42920438833343755
limestone,2.4,1260.9,1263.3,2.249,5049.86,2450.71,4.5,28.0,water,0.31,0.84,0.11,0.01,0.0,0.03,0.01,0.0,0.0,0.0,0.05,0.01884955592153876,42.39265126754067,35.60982706473416,4.663191639429474,0.4239265126754067,0.0,1.27177953802622,0.4239265126754067,0.0,0.0,0.0
limestone,2.4,1263.3,1265.8,2.311,5168.11,2515.8,4.8,25.0,water,0.32,0.84,0.09,0.02,0.0,0.0,0.0,0.02,0.0,0.03,0.05,0.01884955592153876,43.561323734676066,36.59151193712789,3.920519136120846,0.8712264746935213,0.0,0.0,0.0,0.8712264746935213,0.0,1.306839712040282
limestone,2.4,1265.8,1268.2,2.207,5074.76,2494.79,4.8,30.0,water,0.29,0.71,0.05,0.01,0.06,0.0,0.0,0.13,0.01,0.03,0.05,0.01884955592153876,41.600969918836036,29.536688642373583,2.080048495941802,0.4160096991883604,2.496058195130162,0.0,0.0,5.408126089448685,0.4160096991883604,1.248029097565081
limestone,2.4,1268.2,1270.7,2.22,5391.96,2524.23,9.6,30.0,water,0.32,0.62,0.01,0.02,0.0,0.0,0.0,0.08,0.21,0.06,0.05,0.01884955592153876,41.84601414581605,25.94452877040595,0.4184601414581605,0.836920282916321,0.0,0.0,0.0,3.347681131665284,8.78766297062137,2.510760848748963
limestone,2.4,1270.7,1273.1,2.317,5057.82,2441.64,0.0,27.0,water,0.31,0.85,0.06,0.07,0.01,0.0,0.0,0.01,0.0,0.0,0.05,0.01884955592153876,43.674421070205305,37.12325790967451,2.620465264212318,3.0572094749143717,0.43674421070205305,0.0,0.0,0.43674421070205305,0.0,0.0
limestone,2.4,1273.1,1275.6,2.369,5170.19,2496.99,1.6,25.0,water,0.32,0.86,0.02,0.09,0.0,0.0,0.0,0.01,0.01,0.01,0.05,0.01884955592153876,44.654597978125324,38.40295426118778,0.8930919595625065,4.018913818031279,0.0,0.0,0.0,0.44654597978125327,0.44654597978125327,0.44654597978125327
limestone,2.4,1275.6,1278.0,2.211,4899.76,2308.82,1.6,30.0,water,0.32,0.95,0.01,0.0,0.0,0.0,0.0,0.0,0.03,0.01,0.05,0.01884955592153876,41.67636814252219,39.592549735396084,0.41676368142522197,0.0,0.0,0.0,0.0,0.0,1.2502910442756658,0.41676368142522197
limestone,2.4,1278.0,1280.5,2.297,4906.54,2327.11,0.0,30.0,water,0.32,0.84,0.05,0.11,0.0,0.0,0.0,0.0,0.0,0.0,0.05,0.01884955592153876,43.29742995177453,36.369841159490605,2.164871497588727,4.762717294695198,0.0,0.0,0.0,0.0,0.0,0.0
limestone,2.4,1280.5,1282.9,2.252,5266.13,2683.22,20.2,26.0,water,0.28,0.76,0.0,0.0,0.06,0.11,0.07,0.0,0.0,0.0,0.05,0.01884955592153876,42.44919993530528,32.261391950832014,0.0,0.0,2.5469519961183167,4.669411992883581,2.97144399547137,0.0,0.0,0.0
limestone,2.4,1282.9,1285.4,2.228,4903.42,2362.97,0.0,30.0,water,0.31,0.85,0.07,0.03,0.03,0.0,0.02,0.0,0.0,0.0,0.05,0.01884955592153876,41.996810593188364,35.697289004210106,2.9397767415231857,1.2599043177956508,1.2599043177956508,0.0,0.8399362118637673,0.0,0.0,0.0
limestone,2.4,1285.4,1287.8,2.296,4959.86,2344.33,9.6,30.0,water,0.32,0.77,0.02,0.1,0.0,0.0,0.0,0.02,0.03,0.06,0.05,0.01884955592153876,43.278580395852984,33.324506904806796,0.8655716079170597,4.327858039585299,0.0,0.0,0.0,0.8655716079170597,1.2983574118755894,2.596714823751179
limestone,2.4,1287.8,1290.3,2.267,5058.26,2435.39,1.6,27.0,water,0.32,0.93,0.01,0.02,0.0,0.0,0.0,0.03,0.0,0.01,0.05,0.01884955592153876,42.73194327412837,39.74070724493939,0.4273194327412837,0.8546388654825674,0.0,0.0,0.0,1.281958298223851,0.0,0.4273194327412837
limestone,2.4,1290.3,1292.7,2.274,5042.11,2430.74,0.0,26.0,water,0.32,0.98,0.0,0.01,0.01,0.0,0.0,0.0,0.0,0.0,0.05,0.01884955592153876,42.863890165579136,42.00661236226755,0.0,0.4286389016557914,0.4286389016557914,0.0,0.0,0.0,0.0,0.0
limestone,2.4,1292.7,1295.2,2.267,5058.26,2435.39,1.6,27.0,water,0.32,0.93,0.01,0.02,0.0,0.0,0.0,0.03,0.0,0.01,0.05,0.01884955592153876,42.73194327412837,39.74070724493939,0.4273194327412837,0.8546388654825674,0.0,0.0,0.0,1.281958298223851,0.0,0.4273194327412837
limestone,2.4,1295.2,1297.6,2.243,4740.3,2470.21,3.2,30.0,water,0.22,0.57,0.02,0.07,0.32,0.02,0.0,0.0,0.0,0.0,0.05,0.01884955592153876,42.27955393201143,24.099345741246513,0.8455910786402286,2.9595687752408004,13.529457258243658,0.8455910786402286,0.0,0.0,0.0,0.0
limestone,2.4,1297.6,1300.1,2.247,4875.45,2326.02,1.9,30.0,water,0.31,0.9,0.01,0.06,0.02,0.01,0.0,0.0,0.0,0.0,0.05,0.01884955592153876,42.35495215569759,38.11945694012783,0.4235495215569759,2.541297129341855,0.8470990431139518,0.4235495215569759,0.0,0.0,0.0,0.0
limestone,2.4,1300.1,1302.5,2.217,4989.76,2406.67,1.6,29.0,water,0.31,0.9,0.03,0.0,0.01,0.0,0.02,0.03,0.0,0.01,0.05,0.01884955592153876,41.78946547805143,37.61051893024629,1.253683964341543,0.0,0.41789465478051435,0.0,0.8357893095610287,1.253683964341543,0.0,0.41789465478051435
limestone,2.4,1302.5,1305.0,2.253,5089.24,2435.7,1.6,28.0,water,0.32,0.81,0.13,0.01,0.0,0.0,0.0,0.0,0.04,0.01,0.05,0.01884955592153876,42.46804949122682,34.39912008789373,5.520846433859487,0.4246804949122682,0.0,0.0,0.0,0.0,1.698721979649073,0.4246804949122682
