ROCK,THICKNESS,TOP,BOTTOM,RHOB,VP,VS,GR,PHIN,FLUID,POISSON,PE
dry sand,22,0,22,2.024,4555.08,2629.84,52.3,38.0,water,0.25,2.26
wet sand,24,22,46,2.032,4505.56,2672.45,47.2,37.0,water,0.23,2.07
dolomite,2.8,46.0,48.8,2.861,5411.11,2799.01,8.7,26.0,water,0.28,2.7
dolomite,2.8,48.8,51.7,2.828,4998.37,2515.33,0.0,29.0,water,0.29,3.1
dolomite,2.8,51.7,54.6,2.886,5183.66,2638.93,0.0,27.0,water,0.28,2.9
dolomite,2.8,54.6,57.4,2.884,5110.18,2585.39,0.0,27.0,water,0.29,3.0
dolomite,2.8,57.4,60.2,2.94,5293.05,2679.07,0.0,25.0,water,0.29,3.1
dolomite,2.8,60.2,63.1,2.816,5007.72,2527.69,0.0,29.0,water,0.28,3.1
dolomite,2.8,63.1,66.0,2.875,5139.25,2588.1,1.6,27.0,water,0.29,3.2
dolomite,2.8,66.0,68.8,2.791,5426.2,2767.91,3.2,28.0,water,0.28,2.7
dolomite,2.8,68.8,71.6,2.764,4881.57,2517.31,3.8,30.0,water,0.25,3.0
dolomite,2.8,71.6,74.5,2.906,5121.05,2612.14,0.0,26.0,water,0.28,3.0
dolomite,2.8,74.5,77.4,2.837,4985.71,2456.46,6.4,28.0,water,0.3,3.8
dolomite,2.8,77.4,80.2,2.856,5374.27,2740.16,16.1,26.0,water,0.29,2.7
dolomite,2.8,80.2,83.0,2.907,5126.85,2598.62,8.0,26.0,water,0.29,3.0
dolomite,2.8,83.1,85.9,2.842,4926.16,2641.31,3.8,26.0,water,0.21,2.8
dolomite,2.8,85.9,88.8,2.922,5219.14,2684.47,8.2,25.0,water,0.28,3.0
dolomite,2.8,88.8,91.6,2.88,5072.2,2582.51,1.6,26.0,water,0.28,3.2
dolomite,2.8,91.6,94.4,2.844,5053.03,2538.84,3.2,28.0,water,0.29,3.2
dolomite,2.8,94.4,97.3,2.766,5255.65,2509.98,14.5,29.0,water,0.31,3.0
dolomite,2.8,97.3,100.2,2.923,5236.52,2663.44,6.4,26.0,water,0.29,2.9
dolomite,2.8,100.2,103.0,2.892,5117.87,2587.07,1.6,27.0,water,0.29,3.1
limestone,1.9,102.0,103.9,2.227,4884.99,2327.55,1.6,31.0,water,0.32,5.4
limestone,1.9,103.9,105.8,2.239,4748.86,2417.93,0.0,30.0,water,0.24,4.8
limestone,1.9,105.8,107.7,2.249,4874.41,2306.12,0.0,30.0,water,0.32,5.7
limestone,1.9,107.7,109.6,2.164,5093.04,2348.23,6.4,33.0,water,0.32,4.5
limestone,1.9,109.6,111.5,2.244,4883.03,2315.21,0.0,30.0,water,0.32,5.5
limestone,1.9,111.5,113.4,2.195,5249.25,2561.83,4.8,31.0,water,0.31,4.3
limestone,1.9,113.4,115.3,2.232,4868.46,2294.55,9.1,33.0,water,0.32,5.8
limestone,1.9,115.3,117.2,2.117,4701.69,2328.0,11.6,34.0,water,0.27,4.4
limestone,1.9,117.2,119.1,2.18,4773.15,2235.02,3.2,33.0,water,0.32,5.3
limestone,1.9,119.1,121.0,2.144,4683.09,2210.03,0.4,34.0,water,0.31,5.1
limestone,1.9,121.0,122.9,2.195,4858.26,2302.46,28.9,34.0,water,0.31,4.9
limestone,1.9,122.9,124.8,2.201,4740.58,2235.73,0.0,33.0,water,0.31,5.5
limestone,1.9,124.8,126.7,2.123,4623.6,2151.82,0.0,35.0,water,0.32,5.1
limestone,1.9,126.7,128.6,2.111,4614.84,2147.03,2.7,35.0,water,0.32,5.0
limestone,1.9,128.6,130.5,2.179,5124.56,2515.62,8.7,32.0,water,0.3,4.8
limestone,1.9,130.5,132.4,2.136,4618.55,2288.08,1.3,33.0,water,0.26,4.4
limestone,1.9,132.4,134.3,2.222,4940.5,2392.22,0.0,30.0,water,0.3,4.7
limestone,1.9,134.3,136.2,2.169,4708.62,2203.78,0.0,33.0,water,0.32,5.4
limestone,1.9,136.2,138.1,2.207,4883.19,2309.06,4.8,30.0,water,0.32,5.1
limestone,1.9,138.1,140.0,2.117,4807.2,2325.82,9.6,35.0,water,0.3,4.6
shale,1.4,140.0,141.4,2.284,2792.08,1559.87,92.3,0.0,gas,0.26,2.1
shale,1.4,141.4,142.7,2.209,2314.79,1329.99,43.4,5.0,gas,0.23,3.4
shale,1.4,142.7,144.1,2.054,2490.6,1364.97,153.4,10.0,oil,0.26,2.2
shale,1.4,144.1,145.4,2.114,2243.92,1463.1,14.5,7.0,gas,0.11,2.2
shale,1.4,145.4,146.8,2.248,2565.49,1459.86,106.9,3.0,oil,0.24,2.6
shale,1.4,146.8,148.1,2.155,2227.6,1442.9,30.5,8.0,water,0.1,2.0
shale,1.4,148.1,149.5,2.079,2485.07,1397.16,99.5,10.0,gas,0.25,2.5
shale,1.4,149.5,150.8,2.198,2643.76,1501.69,43.4,4.0,oil,0.24,2.3
shale,1.4,150.8,152.2,2.196,2328.99,1319.67,110.9,10.0,water,0.23,2.9
shale,1.4,152.2,153.5,2.121,2454.09,1364.42,127.0,9.0,oil,0.25,2.9
shale,1.4,153.5,154.9,2.172,2473.53,1403.52,77.1,8.0,oil,0.23,3.5
shale,1.4,154.9,156.2,2.194,2360.75,1497.33,42.9,3.0,gas,0.14,2.2
shale,1.4,156.2,157.6,2.252,2384.68,1519.74,66.4,1.0,gas,0.14,2.1
shale,1.4,157.6,158.9,2.201,2484.86,1405.45,185.7,6.0,water,0.24,2.2
shale,1.4,158.9,160.3,2.106,2380.01,1344.26,121.2,10.0,gas,0.24,3.1
shale,1.4,160.3,161.6,2.306,2416.53,1373.36,48.2,1.0,oil,0.24,3.7
shale,1.4,161.6,163.0,2.221,2703.53,1543.43,76.3,2.0,gas,0.24,1.8
shale,1.4,163.0,164.3,2.151,2424.87,1357.71,98.4,9.0,gas,0.25,3.7
shale,1.4,164.3,165.7,2.076,2382.7,1384.9,72.3,9.0,gas,0.22,2.2
shale,1.4,165.7,167.0,2.271,2544.24,1419.53,155.3,5.0,water,0.25,3.2
limestone,1.9,168.0,169.9,2.089,4785.2,2295.24,1.6,30.0,oil,0.32,5.0
limestone,1.9,169.9,171.8,2.134,4863.76,2351.87,0.0,30.0,oil,0.32,5.3
limestone,1.9,171.8,173.7,2.004,4800.15,2495.57,0.9,33.0,oil,0.24,4.2
limestone,1.9,173.7,175.6,2.022,4657.45,2215.15,0.0,33.0,oil,0.32,5.2
limestone,1.9,175.6,177.5,2.033,5301.02,2655.97,3.2,32.0,oil,0.3,3.7
limestone,1.9,177.5,179.4,2.095,4771.42,2308.4,0.0,30.0,oil,0.31,5.1
limestone,1.9,179.4,181.3,1.991,4643.54,2214.09,1.6,34.0,oil,0.32,4.9
limestone,1.9,181.3,183.2,2.172,4879.22,2359.25,0.8,30.0,oil,0.32,5.8
limestone,1.9,183.2,185.1,2.064,4774.87,2325.7,3.0,31.0,oil,0.31,4.8
limestone,1.9,185.1,187.0,1.996,4958.39,2435.4,1.6,33.0,oil,0.31,4.3
limestone,1.9,187.0,188.9,2.14,4743.72,2291.26,0.0,31.0,oil,0.31,5.9
limestone,1.9,188.9,190.8,2.072,5035.42,2414.86,17.7,33.0,oil,0.32,5.2
limestone,1.9,190.8,192.7,2.11,5194.12,2558.13,10.4,31.0,oil,0.3,4.8
limestone,1.9,192.7,194.6,2.186,4948.76,2389.57,4.8,30.0,oil,0.32,5.7
limestone,1.9,194.6,196.5,2.013,4747.14,2265.44,0.0,33.0,oil,0.32,4.9
limestone,1.9,196.5,198.4,2.041,4712.76,2261.71,0.0,32.0,oil,0.32,5.1
limestone,1.9,198.4,200.3,1.993,4754.4,2265.08,3.2,34.0,oil,0.32,5.0
limestone,1.9,200.3,202.2,1.969,4570.68,2187.48,0.0,35.0,oil,0.31,4.9
limestone,1.9,202.2,204.1,2.043,4669.64,2247.34,0.1,33.0,oil,0.31,5.4
limestone,1.9,204.1,206.0,1.952,4825.12,2495.05,15.2,34.0,oil,0.25,4.0
limestone,1.6,206.0,207.6,2.199,4843.32,2305.22,0.0,31.0,water,0.31,4.9
limestone,1.6,207.6,209.1,2.189,4935.22,2452.55,0.0,32.0,water,0.28,4.8
limestone,1.6,209.1,210.7,2.119,4910.55,2277.41,4.8,35.0,water,0.32,4.8
limestone,1.6,210.7,212.2,2.178,4783.32,2253.72,0.0,32.0,water,0.32,5.1
limestone,1.6,212.2,213.8,2.2,4691.15,2198.42,0.5,34.0,water,0.31,5.9
limestone,1.6,213.8,215.3,2.256,4777.04,2230.29,3.2,33.0,water,0.32,6.3
limestone,1.6,215.3,216.9,2.181,4783.65,2249.77,0.0,32.0,water,0.32,5.2
limestone,1.6,216.9,218.4,2.098,4634.96,2294.53,11.8,35.0,water,0.26,4.3
limestone,1.6,218.4,220.0,2.146,4734.39,2226.59,3.2,33.0,water,0.31,4.9
limestone,1.6,220.0,221.5,2.241,4980.22,2424.6,10.3,30.0,water,0.3,5.0
limestone,1.6,221.5,223.1,2.122,4868.29,2365.09,0.0,35.0,water,0.3,4.6
limestone,1.6,223.1,224.6,2.231,4786.79,2246.5,0.0,32.0,water,0.32,5.9
limestone,1.6,224.6,226.2,2.139,4944.14,2419.43,3.7,33.0,water,0.3,4.5
limestone,1.6,226.2,227.7,2.17,4773.74,2277.51,1.0,34.0,water,0.31,5.1
limestone,1.6,227.7,229.3,2.132,4631.64,2149.03,0.0,35.0,water,0.32,5.2
limestone,1.6,229.3,230.8,2.296,4898.94,2306.54,11.2,31.0,water,0.32,6.2
limestone,1.6,230.8,232.4,2.198,4777.68,2271.43,1.9,32.0,water,0.31,5.3
limestone,1.6,232.4,233.9,2.197,5105.12,2473.93,0.0,32.0,water,0.31,4.6
limestone,1.6,233.9,235.5,2.231,4803.03,2258.12,0.0,32.0,water,0.32,5.8
limestone,1.6,235.5,237.0,2.119,4623.55,2144.58,2.4,35.0,water,0.32,5.1
dolomite,1.8,238.0,239.9,2.88,5507.03,2696.65,0.0,26.0,water,0.3,3.1
dolomite,1.8,239.9,241.7,2.891,5499.17,2854.38,0.0,26.0,water,0.28,2.3
dolomite,1.8,241.7,243.6,2.813,5011.29,2530.23,4.8,29.0,water,0.28,3.1
dolomite,1.8,243.6,245.4,2.824,5170.12,2670.96,18.6,28.0,water,0.27,2.9
dolomite,1.8,245.4,247.3,2.921,5243.41,2670.05,0.0,25.0,water,0.29,3.2
dolomite,1.8,247.3,249.1,2.853,5097.05,2604.67,0.4,27.0,water,0.28,3.2
dolomite,1.8,249.1,251.0,2.814,5154.48,2584.13,16.1,29.0,water,0.29,2.9
dolomite,1.8,251.0,252.8,2.762,5073.68,2677.67,24.9,29.0,water,0.24,2.7
dolomite,1.8,252.8,254.7,2.808,4937.63,2464.99,0.0,29.0,water,0.29,3.4
dolomite,1.8,254.7,256.5,2.828,5013.31,2563.11,0.0,29.0,water,0.27,2.9
dolomite,1.8,256.5,258.4,2.806,4938.2,2462.83,0.0,30.0,water,0.29,3.1
dolomite,1.8,258.4,260.2,2.798,4966.1,2473.3,9.6,30.0,water,0.29,2.9
dolomite,1.8,260.2,262.1,2.8,4942.86,2462.43,3.2,30.0,water,0.29,3.1
dolomite,1.8,262.1,263.9,2.844,5045.72,2539.4,0.0,29.0,water,0.28,3.1
dolomite,1.8,263.9,265.8,2.792,4995.74,2618.49,3.8,29.0,water,0.24,2.7
dolomite,1.8,265.8,267.6,2.855,5025.49,2521.57,0.0,28.0,water,0.29,3.2
dolomite,1.8,267.6,269.5,2.853,5030.11,2526.94,0.0,28.0,water,0.29,3.2
dolomite,1.8,269.5,271.3,2.887,5291.96,2692.83,17.7,26.0,water,0.29,2.6
dolomite,1.8,271.3,273.2,2.848,5061.87,2554.3,0.0,28.0,water,0.29,3.1
dolomite,1.8,273.2,275.0,2.816,4999.26,2493.52,0.0,29.0,water,0.29,3.2
ore,1.0,274.0,275.0,4.451,2068.81,1139.16,0.0,1.0,water,0.26,16.6
ore,1.0,275.0,276.0,4.038,2062.26,1160.62,3.0,3.0,water,0.24,14.3
ore,1.0,276.0,277.0,4.202,2145.61,1143.55,0.0,2.0,water,0.29,15.6
ore,1.0,277.0,278.0,4.55,2098.19,1148.6,0.0,2.0,water,0.26,17.8
ore,1.0,278.0,279.0,4.735,2115.35,1098.39,0.0,0.0,water,0.3,18.1
ore,1.0,279.0,280.0,4.143,2229.06,1208.51,14.0,2.0,water,0.28,14.4
ore,1.0,280.0,281.0,3.94,1974.86,1176.04,2.0,3.0,water,0.19,13.0
ore,1.0,281.0,282.0,4.235,2217.28,1236.65,6.9,0.0,water,0.26,14.8
ore,1.0,282.0,283.0,3.971,2384.43,1283.06,35.8,0.0,water,0.29,13.1
ore,1.0,283.0,284.0,3.923,2293.88,1222.19,20.4,3.0,water,0.29,13.6
ore,1.0,284.0,285.0,4.348,2099.62,1139.0,9.0,3.0,water,0.27,15.8
ore,1.0,285.0,286.0,4.514,2273.36,1175.4,6.2,3.0,water,0.31,17.9
ore,1.0,286.0,287.0,3.982,2144.76,1087.26,0.0,2.0,water,0.33,14.2
ore,1.0,287.0,288.0,4.072,2097.44,1148.34,12.6,0.0,water,0.27,13.5
ore,1.0,288.0,289.0,4.644,2103.47,1123.95,4.3,1.0,water,0.28,17.5
ore,1.0,289.0,290.0,4.247,1963.25,1118.35,1.1,3.0,water,0.22,15.0
ore,1.0,290.0,291.0,4.251,1922.12,1105.03,0.0,3.0,water,0.22,15.0
ore,1.0,291.0,292.0,4.379,2029.47,1109.94,5.8,3.0,water,0.26,16.1
ore,1.0,292.0,293.0,3.909,2137.27,1215.88,4.0,0.0,water,0.24,12.5
ore,1.0,293.0,294.0,4.223,1924.78,1110.65,0.0,3.0,water,0.21,14.8
ore,1.2,294.0,295.2,4.336,2103.84,1164.06,0.0,3.0,water,0.25,16.4
ore,1.2,295.2,296.4,4.256,2080.28,1159.8,0.6,0.0,water,0.25,15.0
ore,1.2,296.4,297.6,4.34,2171.91,1098.94,3.0,3.0,water,0.32,16.9
ore,1.2,297.6,298.8,4.605,2257.31,1154.84,3.2,3.0,water,0.32,18.5
ore,1.2,298.8,300.0,4.018,2160.9,1129.46,10.3,2.0,water,0.3,13.6
ore,1.2,300.0,301.2,4.386,2195.65,1198.42,1.5,0.0,water,0.27,15.6
ore,1.2,301.2,302.4,4.356,1956.22,1133.51,0.0,0.0,water,0.22,14.9
ore,1.2,302.4,303.6,4.261,2090.57,1098.31,0.0,0.0,water,0.3,15.2
ore,1.2,303.6,304.8,4.029,2115.39,1185.78,0.3,2.0,water,0.25,13.7
ore,1.2,304.8,306.0,4.653,2229.85,1151.41,0.0,0.0,water,0.31,18.5
ore,1.2,306.0,307.2,4.148,2093.99,1099.67,4.9,2.0,water,0.3,14.5
ore,1.2,307.2,308.4,4.677,2090.61,1061.7,0.3,1.0,water,0.32,18.1
ore,1.2,308.4,309.6,4.716,2017.2,1091.91,0.5,1.0,water,0.27,17.9
ore,1.2,309.6,310.8,4.741,2066.87,1114.29,0.7,0.0,water,0.28,18.1
ore,1.2,310.8,312.0,4.247,2143.61,1141.28,0.0,3.0,water,0.28,16.1
ore,1.2,312.0,313.2,3.93,2139.75,1204.52,1.8,3.0,water,0.24,13.2
ore,1.2,313.2,314.4,3.973,2083.61,1113.6,1.1,3.0,water,0.28,13.7
ore,1.2,314.4,315.6,4.141,2095.78,1182.16,3.5,3.0,water,0.24,14.7
ore,1.2,315.6,316.8,3.9,1992.49,1205.99,1.5,1.0,water,0.18,12.2
ore,1.2,316.8,318.0,4.351,2139.09,1125.5,39.6,3.0,water,0.3,16.1
ore,1.8,318.0,319.9,4.061,2021.41,1168.8,2.1,3.0,water,0.21,14.2
ore,1.8,319.9,321.7,4.197,2222.54,1221.8,0.0,3.0,water,0.26,15.4
ore,1.8,321.7,323.6,4.579,2266.13,1137.83,0.3,2.0,water,0.33,18.6
ore,1.8,323.6,325.4,4.382,2099.7,1155.92,1.6,3.0,water,0.26,16.9
ore,1.8,325.4,327.3,4.521,2063.74,1099.48,0.0,0.0,water,0.29,16.7
ore,1.8,327.3,329.1,4.271,2190.81,1193.37,5.4,2.0,water,0.27,15.6
ore,1.8,329.1,331.0,4.037,1947.03,1151.7,0.0,1.0,water,0.2,12.9
ore,1.8,331.0,332.8,4.637,2111.88,1136.45,0.0,2.0,water,0.27,18.3
ore,1.8,332.8,334.7,4.436,2285.6,1195.3,8.6,1.0,water,0.3,16.8
ore,1.8,334.7,336.5,4.298,2066.6,1096.02,0.2,3.0,water,0.29,15.7
ore,1.8,336.5,338.4,3.993,2235.7,1232.47,22.4,3.0,water,0.26,13.7
ore,1.8,338.4,340.2,4.622,2213.32,1190.7,8.9,0.0,water,0.28,17.8
ore,1.8,340.2,342.1,4.219,2109.29,1190.75,8.2,2.0,water,0.24,15.2
ore,1.8,342.1,343.9,4.598,2116.72,1126.66,4.5,3.0,water,0.28,18.4
ore,1.8,343.9,345.8,4.17,2066.42,1155.78,0.1,3.0,water,0.24,15.1
ore,1.8,345.8,347.6,3.988,2160.12,1207.71,1.9,0.0,water,0.25,13.3
ore,1.8,347.6,349.5,4.571,1984.19,1091.89,0.0,2.0,water,0.25,17.2
ore,1.8,349.5,351.3,4.066,2121.41,1172.36,1.4,3.0,water,0.26,14.5
ore,1.8,351.3,353.2,4.256,2017.48,1169.69,0.0,0.0,water,0.22,14.6
ore,1.8,353.2,355.0,4.119,2051.89,1115.82,1.4,3.0,water,0.27,14.3
sandstone,1.2,354.0,355.2,2.356,4473.31,2836.02,13.1,28.0,water,0.02,2.0
sandstone,1.2,355.2,356.3,2.316,4788.4,2728.82,17.2,31.0,water,0.15,2.9
sandstone,1.2,356.3,357.5,2.423,4606.52,2960.76,4.5,25.0,water,0.02,2.0
sandstone,1.2,357.5,358.6,2.281,4229.85,2640.25,0.1,32.0,water,0.01,1.9
sandstone,1.2,358.6,359.8,2.402,5535.83,3272.7,60.0,25.0,water,0.15,2.4
sandstone,1.2,359.8,360.9,2.255,4577.76,2704.32,20.3,34.0,water,0.09,2.4
sandstone,1.2,360.9,362.1,2.288,4280.14,2652.57,3.8,32.0,water,0.02,2.1
sandstone,1.2,362.1,363.2,2.243,4202.94,2577.96,1.5,34.0,water,0.02,2.0
sandstone,1.2,363.2,364.4,2.38,4517.83,2878.36,7.7,27.0,water,0.02,2.0
sandstone,1.2,364.4,365.5,2.326,4740.0,2737.2,5.4,32.0,water,0.13,2.3
sandstone,1.2,365.5,366.7,2.313,4740.42,2741.68,5.8,31.0,water,0.13,2.7
sandstone,1.2,366.7,367.8,2.303,4308.02,2700.77,6.5,31.0,water,0.01,2.0
sandstone,1.2,367.8,369.0,2.425,4847.36,2910.62,18.8,25.0,water,0.11,2.7
sandstone,1.2,369.0,370.1,2.241,4219.36,2586.41,3.7,34.0,water,0.02,2.0
sandstone,1.2,370.1,371.3,2.245,4169.12,2561.15,2.4,34.0,water,0.02,2.0
sandstone,1.2,371.3,372.4,2.344,4371.87,2756.53,0.0,29.0,water,0.02,1.9
sandstone,1.2,372.4,373.6,2.393,4867.58,2850.7,17.9,28.0,water,0.13,3.0
sandstone,1.2,373.6,374.7,2.35,4845.56,2839.12,21.9,30.0,water,0.13,2.5
sandstone,1.2,374.7,375.9,2.4,4530.26,2884.82,2.0,26.0,water,0.02,2.0
sandstone,1.2,375.9,377.0,2.403,4496.92,2869.47,3.8,26.0,water,0.02,2.1
sandstone,1.0,378.0,379.1,2.42,4584.74,2934.62,6.4,25.0,water,0.02,2.1
sandstone,1.0,379.1,380.1,2.421,4570.85,2936.95,4.3,25.0,water,0.02,2.0
sandstone,1.0,380.1,381.2,2.28,4570.43,2592.96,2.1,33.0,water,0.14,3.0
sandstone,1.0,381.2,382.2,2.261,4523.59,2659.14,11.4,34.0,water,0.1,2.2
sandstone,1.0,382.2,383.3,2.26,4531.62,2560.87,6.8,34.0,water,0.14,3.0
sandstone,1.0,383.3,384.3,2.262,4254.55,2619.83,1.5,33.0,water,0.02,2.0
sandstone,1.0,384.3,385.4,2.409,4512.27,2889.27,4.1,26.0,water,0.02,2.1
sandstone,1.0,385.4,386.4,2.367,4433.28,2806.89,2.0,28.0,water,0.02,2.0
sandstone,1.0,386.4,387.5,2.261,4255.29,2633.53,0.0,33.0,water,0.02,1.9
sandstone,1.0,387.5,388.5,2.415,4881.1,2870.93,11.2,26.0,water,0.14,2.9
sandstone,1.0,388.5,389.6,2.268,4210.65,2613.74,2.2,33.0,water,0.01,2.0
sandstone,1.0,389.6,390.6,2.383,4511.41,2871.45,2.9,27.0,water,0.02,2.0
sandstone,1.0,390.6,391.7,2.245,4187.07,2571.37,0.6,34.0,water,0.02,1.9
sandstone,1.0,391.7,392.7,2.28,4282.37,2659.51,5.9,32.0,water,0.02,2.1
sandstone,1.0,392.7,393.8,2.425,4930.19,2988.7,11.4,25.0,water,0.11,2.5
sandstone,1.0,393.8,394.8,2.229,4137.29,2523.8,3.4,35.0,water,0.02,2.1
sandstone,1.0,394.8,395.9,2.368,4462.96,2813.35,4.2,28.0,water,0.03,2.1
sandstone,1.0,395.9,396.9,2.272,4623.51,2654.42,21.0,33.0,water,0.13,2.8
sandstone,1.0,396.9,398.0,2.355,4505.78,2854.73,8.6,28.0,water,0.02,2.1
sandstone,1.0,398.0,399.0,2.328,4555.35,2696.74,10.2,31.0,water,0.1,2.4
shale,5.0,398.0,403.0,2.213,2212.08,1472.24,20.2,3.0,gas,0.08,2.3
shale,5.0,403.0,408.0,2.102,2178.94,1269.08,28.9,10.0,gas,0.22,3.2
shale,5.0,408.0,413.0,2.201,2311.61,1293.27,36.3,9.0,water,0.24,3.3
shale,5.0,413.0,418.0,2.18,2413.03,1379.86,131.2,8.0,gas,0.23,3.7
shale,5.0,418.0,423.0,2.186,2243.97,1407.14,67.7,8.0,water,0.14,2.5
shale,5.0,423.0,428.0,2.15,2513.5,1426.38,119.9,8.0,gas,0.24,3.0
shale,5.0,428.0,433.0,2.166,2518.89,1429.54,62.7,8.0,oil,0.23,3.4
shale,5.0,433.0,438.0,2.239,2530.68,1430.2,163.3,3.0,oil,0.24,2.5
shale,5.0,438.0,443.0,2.226,2400.49,1379.88,77.1,8.0,water,0.22,3.0
shale,5.0,443.0,448.0,2.139,2355.69,1311.17,138.9,10.0,oil,0.24,3.7
shale,5.0,448.0,453.0,2.138,2409.17,1349.17,179.3,8.0,oil,0.25,2.7
shale,5.0,453.0,458.0,2.361,2671.2,1537.28,89.3,0.0,water,0.23,3.4
shale,5.0,458.0,463.0,2.273,2439.59,1389.5,140.4,3.0,water,0.24,2.7
shale,5.0,463.0,468.0,2.324,2732.54,1553.7,91.2,1.0,oil,0.24,3.5
shale,5.0,468.0,473.0,2.276,2500.82,1464.94,116.0,2.0,oil,0.22,2.7
shale,5.0,473.0,478.0,2.28,2676.48,1531.24,101.3,1.0,water,0.24,2.1
shale,5.0,478.0,483.0,2.038,2034.03,1354.18,19.3,10.0,oil,0.06,2.0
shale,5.0,483.0,488.0,2.284,2772.53,1579.22,110.7,0.0,oil,0.25,2.0
shale,5.0,488.0,493.0,2.239,2297.17,1528.65,43.7,1.0,gas,0.09,2.0
shale,5.0,493.0,498.0,2.166,2426.4,1334.55,164.6,10.0,water,0.26,2.1
limestone,0.8,498.0,498.8,2.143,4911.55,2354.13,0.0,34.0,water,0.3,4.7
limestone,0.8,498.8,499.6,2.17,4639.9,2149.28,0.0,35.0,water,0.32,5.7
limestone,0.8,499.6,500.4,2.304,4957.88,2354.76,0.0,30.0,water,0.32,6.2
limestone,0.8,500.4,501.2,2.253,5081.85,2486.41,0.8,31.0,water,0.3,5.4
limestone,0.8,501.2,502.0,2.124,4683.53,2239.28,0.0,34.0,water,0.3,4.8
limestone,0.8,502.0,502.8,2.128,4667.11,2182.28,0.4,34.0,water,0.32,5.0
limestone,0.8,502.8,503.6,2.143,5097.83,2403.89,25.7,33.0,water,0.32,3.8
limestone,0.8,503.6,504.4,2.145,4692.75,2194.14,0.0,34.0,water,0.32,5.0
limestone,0.8,504.4,505.2,2.216,5107.37,2364.77,9.6,33.0,water,0.32,5.9
limestone,0.8,505.2,506.0,2.233,4871.58,2306.65,0.0,30.0,water,0.32,5.5
limestone,0.8,506.0,506.8,2.172,4668.37,2438.72,0.0,31.0,water,0.21,3.9
limestone,0.8,506.8,507.6,2.162,4730.64,2213.26,0.0,33.0,water,0.32,5.2
limestone,0.8,507.6,508.4,2.182,5069.22,2418.59,6.1,32.0,water,0.3,5.1
limestone,0.8,508.4,509.2,2.13,4678.72,2217.91,1.2,34.0,water,0.3,4.8
limestone,0.8,509.2,510.0,2.15,5095.77,2606.12,51.2,32.0,water,0.26,4.2
limestone,0.8,510.0,510.8,2.204,4824.03,2283.26,3.2,32.0,water,0.32,5.2
limestone,0.8,510.8,511.6,2.236,5074.55,2464.45,6.5,31.0,water,0.3,5.3
limestone,0.8,511.6,512.4,2.165,4778.51,2248.81,1.6,32.0,water,0.32,5.0
limestone,0.8,512.4,513.2,2.215,4844.64,2295.09,1.6,31.0,water,0.32,5.2
limestone,0.8,513.2,514.0,2.12,4627.03,2144.31,1.6,35.0,water,0.32,5.1
sandstone,2.4,514.0,516.4,2.254,4481.81,2554.26,7.3,34.0,water,0.13,2.9
sandstone,2.4,516.4,518.8,2.305,4343.44,2698.19,3.9,31.0,water,0.03,2.1
sandstone,2.4,518.8,521.2,2.223,4112.32,2514.33,0.0,35.0,water,0.02,1.9
sandstone,2.4,521.2,523.6,2.427,4895.08,2957.42,15.6,27.0,water,0.1,2.5
sandstone,2.4,523.6,526.0,2.342,4634.49,2798.93,19.1,29.0,water,0.09,2.5
sandstone,2.4,526.0,528.4,2.333,4340.84,2718.83,5.2,30.0,water,0.02,2.2
sandstone,2.4,528.4,530.8,2.297,4729.28,2874.03,8.8,31.0,water,0.08,2.1
sandstone,2.4,530.8,533.2,2.238,5124.54,2951.4,88.4,33.0,water,0.14,2.3
sandstone,2.4,533.2,535.6,2.327,4688.01,2713.68,30.7,30.0,water,0.13,2.9
sandstone,2.4,535.6,538.0,2.224,4487.37,2562.54,14.2,35.0,water,0.12,2.6
sandstone,2.4,538.0,540.4,2.223,4139.6,2527.18,3.9,35.0,water,0.02,1.9
sandstone,2.4,540.4,542.8,2.403,4496.07,2888.06,4.1,26.0,water,0.01,2.0
sandstone,2.4,542.8,545.2,2.297,4311.77,2696.47,2.3,31.0,water,0.02,1.9
sandstone,2.4,545.2,547.6,2.251,4185.5,2569.55,3.2,34.0,water,0.02,2.0
sandstone,2.4,547.6,550.0,2.252,4955.63,2889.95,23.0,33.0,water,0.13,2.1
sandstone,2.4,550.0,552.4,2.341,5205.83,3037.69,49.7,29.0,water,0.14,3.7
sandstone,2.4,552.4,554.8,2.237,4146.55,2570.61,1.5,34.0,water,0.0,1.9
sandstone,2.4,554.8,557.2,2.364,4454.54,2825.66,4.5,28.0,water,0.02,2.0
sandstone,2.4,557.2,559.6,2.433,5026.69,2966.08,24.9,25.0,water,0.14,3.0
sandstone,2.4,559.6,562.0,2.278,4588.97,2671.89,1.7,34.0,water,0.11,2.3
limestone,2.7,562.0,564.7,2.216,4875.95,2322.35,0.0,30.0,water,0.32,5.2
limestone,2.7,564.7,567.4,2.241,4919.04,2356.05,0.6,30.0,water,0.31,5.4
limestone,2.7,567.4,570.1,2.143,4600.13,2346.15,1.2,33.0,water,0.23,4.2
limestone,2.7,570.1,572.8,2.173,4879.18,2301.24,19.3,34.0,water,0.32,4.9
limestone,2.7,572.8,575.5,2.213,5374.95,2686.34,3.2,30.0,water,0.29,4.1
limestone,2.7,575.5,578.2,2.172,4775.41,2246.64,0.0,32.0,water,0.32,5.1
limestone,2.7,578.2,580.9,2.19,5087.51,2417.7,4.8,33.0,water,0.31,5.0
limestone,2.7,580.9,583.6,2.12,5120.57,2577.82,10.2,34.0,water,0.28,4.2
limestone,2.7,583.6,586.3,2.193,4955.29,2336.02,0.0,30.0,water,0.32,4.9
limestone,2.7,586.3,589.0,2.188,4794.47,2262.0,0.0,32.0,water,0.32,5.1
limestone,2.7,589.0,591.7,2.132,5052.62,2420.73,1.6,35.0,water,0.31,4.5
limestone,2.7,591.7,594.4,2.128,5111.95,2472.78,1.6,34.0,water,0.31,4.0
limestone,2.7,594.4,597.1,2.205,4852.86,2294.81,0.0,30.0,water,0.32,5.2
limestone,2.7,597.1,599.8,2.181,4853.85,2339.09,5.0,31.0,water,0.3,4.8
limestone,2.7,599.8,602.5,2.128,4668.17,2173.24,0.0,35.0,water,0.32,5.1
limestone,2.7,602.5,605.2,2.215,4883.38,2339.55,0.0,30.0,water,0.31,4.9
limestone,2.7,605.2,607.9,2.198,4790.65,2258.78,4.8,32.0,water,0.32,5.1
limestone,2.7,607.9,610.6,2.197,4683.63,2172.04,0.0,35.0,water,0.32,6.0
limestone,2.7,610.6,613.3,2.153,5004.15,2548.42,11.5,32.0,water,0.26,4.1
limestone,2.7,613.3,616.0,2.135,4778.77,2373.91,4.6,33.0,water,0.27,4.4
sandstone,1.9,616.0,617.9,2.378,4496.66,2866.03,3.6,27.0,water,0.02,1.9
sandstone,1.9,617.9,619.8,2.301,4803.35,2736.1,6.3,33.0,water,0.15,2.5
sandstone,1.9,619.8,621.7,2.244,4229.98,2600.2,6.8,34.0,water,0.02,2.1
sandstone,1.9,621.7,623.6,2.263,4268.72,2627.75,8.5,33.0,water,0.03,2.1
sandstone,1.9,623.6,625.5,2.264,4275.24,2633.11,0.9,33.0,water,0.03,1.9
sandstone,1.9,625.5,627.4,2.435,4585.82,2944.2,7.4,25.0,water,0.02,2.1
sandstone,1.9,627.4,629.3,2.296,4335.93,2705.56,9.3,31.0,water,0.02,2.0
sandstone,1.9,629.3,631.2,2.304,5502.89,3147.44,22.3,30.0,water,0.18,2.1
sandstone,1.9,631.2,633.1,2.448,4630.48,2839.87,2.8,25.0,water,0.08,2.6
sandstone,1.9,633.1,635.0,2.254,4500.26,2598.53,11.2,34.0,water,0.12,2.5
sandstone,1.9,635.0,636.9,2.366,4462.0,2824.74,7.2,28.0,water,0.02,2.1
sandstone,1.9,636.9,638.8,2.37,4824.62,2876.94,15.1,28.0,water,0.11,2.6
sandstone,1.9,638.8,640.7,2.352,4413.78,2779.52,2.3,29.0,water,0.02,2.1
sandstone,1.9,640.7,642.6,2.283,4274.73,2653.83,1.7,32.0,water,0.02,2.0
sandstone,1.9,642.6,644.5,2.398,5816.21,3369.07,76.7,25.0,water,0.18,2.4
sandstone,1.9,644.5,646.4,2.261,4249.17,2629.29,1.3,33.0,water,0.02,1.9
sandstone,1.9,646.4,648.3,2.358,4764.05,2836.1,39.7,28.0,water,0.11,2.6
sandstone,1.9,648.3,650.2,2.403,4545.97,2899.75,8.8,26.0,water,0.02,2.0
sandstone,1.9,650.2,652.1,2.341,4397.79,2766.29,0.2,29.0,water,0.02,1.9
sandstone,1.9,652.1,654.0,2.406,4863.83,2872.31,23.5,28.0,water,0.12,2.5
halite,3.4,654.0,657.5,2.205,4533.02,2624.94,23.2,0.0,water,0.24,4.6
halite,3.4,657.5,660.9,2.169,4426.22,2579.03,1.6,0.0,water,0.24,4.6
halite,3.4,660.9,664.4,2.172,4446.2,2586.26,18.4,0.0,water,0.24,4.7
halite,3.4,664.4,667.8,2.175,4432.79,2574.44,30.0,0.0,water,0.24,4.7
halite,3.4,667.8,671.3,2.177,4440.06,2579.39,21.6,0.0,water,0.24,4.7
halite,3.4,671.3,674.7,2.198,4540.02,2637.24,1.6,0.0,water,0.24,4.6
halite,3.4,674.7,678.2,2.218,4541.24,2630.24,62.0,0.0,water,0.24,4.9
halite,3.4,678.2,681.6,2.195,4516.72,2616.76,45.2,0.0,water,0.24,4.8
halite,3.4,681.6,685.1,2.177,4438.02,2567.15,82.0,0.0,water,0.25,4.9
halite,3.4,685.1,688.5,2.19,4502.76,2602.7,41.6,0.0,water,0.25,4.7
halite,3.4,688.5,692.0,2.213,4534.14,2627.26,38.4,0.0,water,0.24,4.8
halite,3.4,692.0,695.4,2.159,4423.84,2572.13,42.0,0.0,water,0.24,4.8
halite,3.4,695.4,698.9,2.155,4437.85,2581.68,16.8,0.0,water,0.24,4.7
halite,3.4,698.9,702.3,2.206,4575.38,2648.84,13.2,0.0,water,0.24,4.6
halite,3.4,702.3,705.8,2.162,4402.81,2558.15,75.5,0.0,water,0.24,5.0
halite,3.4,705.8,709.2,2.159,4429.25,2569.63,75.5,0.0,water,0.24,5.0
halite,3.4,709.2,712.7,2.193,4489.13,2599.99,55.2,0.0,water,0.24,4.8
halite,3.4,712.7,716.1,2.214,4534.03,2630.01,52.0,0.0,water,0.24,4.9
halite,3.4,716.1,719.6,2.165,4553.41,2636.87,8.4,0.0,water,0.25,4.6
halite,3.4,719.6,723.0,2.156,4403.75,2565.21,25.2,0.0,water,0.24,4.8
anhydrite,3.0,722.0,725.0,2.893,7078.92,3954.56,0.0,1.0,water,0.27,4.9
anhydrite,3.0,725.0,728.0,2.886,7089.7,3945.96,0.0,2.0,water,0.27,4.9
anhydrite,3.0,728.0,731.0,2.933,6979.32,3897.91,0.0,2.0,water,0.27,7.0
anhydrite,3.0,731.0,734.0,2.872,7008.62,3916.8,0.0,2.0,water,0.27,4.9
anhydrite,3.0,734.0,737.0,2.907,7181.17,3999.42,0.0,2.0,water,0.27,4.9
anhydrite,3.0,737.0,740.0,2.88,6971.24,3919.36,0.0,0.0,water,0.27,4.9
anhydrite,3.0,740.0,743.0,2.869,6953.3,3899.16,0.0,1.0,water,0.27,4.9
anhydrite,3.0,743.0,746.0,2.94,7272.81,4058.79,0.0,0.0,water,0.27,5.0
anhydrite,3.0,746.0,749.0,2.922,7237.74,4023.28,0.0,1.0,water,0.27,5.0
anhydrite,3.0,749.0,752.0,2.952,7313.14,4095.95,0.0,0.0,water,0.27,4.9
anhydrite,3.0,752.0,755.0,2.899,7157.51,3977.61,0.0,2.0,water,0.27,5.0
anhydrite,3.0,755.0,758.0,2.899,7067.52,3962.8,0.0,0.0,water,0.27,4.9
anhydrite,3.0,758.0,761.0,2.91,7113.03,3989.48,0.0,0.0,water,0.27,4.9
anhydrite,3.0,761.0,764.0,2.921,7173.28,4014.11,0.0,0.0,water,0.27,4.9
anhydrite,3.0,764.0,767.0,2.914,7184.77,4005.82,0.0,1.0,water,0.27,4.9
anhydrite,3.0,767.0,770.0,2.879,7066.42,3924.48,0.0,2.0,water,0.27,5.0
anhydrite,3.0,770.0,773.0,2.886,7089.7,3945.96,0.0,2.0,water,0.27,4.9
anhydrite,3.0,773.0,776.0,2.909,7154.54,3993.49,0.0,1.0,water,0.27,4.9
anhydrite,3.0,776.0,779.0,2.841,6861.96,3840.97,0.0,2.0,water,0.27,4.9
anhydrite,3.0,779.0,782.0,2.907,7103.12,3949.51,0.0,2.0,water,0.27,5.1
limestone,1.4,782.0,783.4,2.063,4698.69,2230.53,0.0,33.0,oil,0.32,5.7
limestone,1.4,783.4,784.9,2.136,4805.29,2304.61,0.0,30.0,oil,0.32,5.6
limestone,1.4,784.9,786.3,2.113,4847.0,2340.73,1.6,30.0,oil,0.32,5.1
limestone,1.4,786.3,787.8,2.094,4721.31,2250.36,3.2,32.0,oil,0.32,5.7
limestone,1.4,787.8,789.2,2.025,4909.74,2495.58,7.9,33.0,oil,0.27,4.5
limestone,1.4,789.2,790.7,1.977,4596.26,2181.19,0.0,35.0,oil,0.32,5.1
limestone,1.4,790.7,792.1,2.108,4668.39,2227.11,0.0,33.0,oil,0.31,6.2
limestone,1.4,792.1,793.6,2.143,4868.84,2333.01,0.0,30.0,oil,0.32,5.6
limestone,1.4,793.6,795.0,2.038,4661.14,2241.91,1.3,33.0,oil,0.31,5.3
limestone,1.4,795.0,796.5,2.071,5084.98,2503.47,6.4,33.0,oil,0.31,4.9
limestone,1.4,796.5,797.9,1.967,4732.1,2281.56,13.5,34.0,oil,0.31,4.5
limestone,1.4,797.9,799.4,2.027,4624.29,2214.46,0.0,34.0,oil,0.31,5.4
limestone,1.4,799.4,800.8,1.974,4601.89,2224.16,2.0,34.0,oil,0.3,4.9
limestone,1.4,800.8,802.3,2.014,4769.58,2472.72,5.5,32.0,oil,0.24,3.9
limestone,1.4,802.3,803.7,2.116,4731.33,2257.96,0.0,32.0,oil,0.32,5.9
limestone,1.4,803.7,805.2,2.086,4884.12,2349.85,6.4,31.0,oil,0.32,4.8
limestone,1.4,805.2,806.6,2.142,4763.56,2274.12,0.0,31.0,oil,0.32,6.0
limestone,1.4,806.6,808.1,2.09,4946.59,2404.15,22.5,30.0,oil,0.32,4.3
limestone,1.4,808.1,809.5,2.037,4671.58,2222.19,0.0,33.0,oil,0.32,5.4
limestone,1.4,809.5,811.0,2.182,4813.16,2312.88,0.0,30.0,oil,0.32,6.1
limestone,2.4,811.0,813.4,2.242,5107.99,2505.55,6.4,30.0,water,0.29,4.8
limestone,2.4,813.4,815.9,2.204,4861.88,2301.39,0.0,31.0,water,0.32,5.3
limestone,2.4,815.9,818.3,2.306,4814.6,2258.69,0.0,32.0,water,0.32,6.8
limestone,2.4,818.3,820.8,2.169,4797.8,2265.34,2.1,32.0,water,0.32,5.1
limestone,2.4,820.8,823.2,2.15,5075.71,2432.99,9.6,34.0,water,0.31,4.5
limestone,2.4,823.2,825.7,2.199,4796.49,2248.95,1.6,32.0,water,0.32,5.5
limestone,2.4,825.7,828.1,2.135,4987.06,2415.84,15.0,33.0,water,0.31,4.4
limestone,2.4,828.1,830.6,2.145,4736.71,2218.82,0.0,33.0,water,0.32,5.0
limestone,2.4,830.6,833.0,2.2,4762.53,2235.53,0.0,33.0,water,0.32,5.5
limestone,2.4,833.0,835.5,2.163,5012.65,2432.52,1.6,33.0,water,0.29,4.4
limestone,2.4,835.5,837.9,2.127,4612.69,2132.37,0.0,35.0,water,0.32,5.3
limestone,2.4,837.9,840.4,2.159,5072.41,2385.47,11.2,34.0,water,0.32,4.7
limestone,2.4,840.4,842.8,2.177,4794.83,2263.79,0.0,32.0,water,0.32,5.0
limestone,2.4,842.8,845.3,2.226,5085.81,2410.78,24.1,30.0,water,0.32,4.7
limestone,2.4,845.3,847.7,2.171,4814.39,2264.05,0.0,32.0,water,0.32,5.1
limestone,2.4,847.7,850.2,2.233,4910.69,2360.99,1.2,30.0,water,0.31,5.1
limestone,2.4,850.2,852.6,2.204,4733.83,2245.09,0.0,33.0,water,0.3,5.6
limestone,2.4,852.6,855.1,2.196,4881.67,2316.56,1.6,30.0,water,0.32,5.0
limestone,2.4,855.1,857.5,2.204,4835.79,2288.29,0.0,31.0,water,0.32,5.2
limestone,2.4,857.5,860.0,2.196,4866.73,2305.72,0.0,30.0,water,0.32,5.1
sandstone,1.2,858.0,859.2,2.388,4473.26,2845.77,3.4,27.0,water,0.02,2.0
sandstone,1.2,859.2,860.4,2.344,4726.1,2730.94,36.6,29.0,water,0.14,2.9
sandstone,1.2,860.4,861.6,2.335,4683.76,2857.78,3.8,30.0,water,0.07,2.2
sandstone,1.2,861.6,862.8,2.241,4184.97,2580.55,2.0,34.0,water,0.01,1.9
sandstone,1.2,862.8,864.0,2.256,4191.06,2567.7,5.5,34.0,water,0.02,2.2
sandstone,1.2,864.0,865.2,2.398,4506.15,2897.69,3.1,26.0,water,0.01,1.9
sandstone,1.2,865.2,866.4,2.216,4172.69,2549.19,8.5,35.0,water,0.02,2.0
sandstone,1.2,866.4,867.6,2.401,4938.11,2919.2,1.5,28.0,water,0.13,2.3
sandstone,1.2,867.6,868.8,2.407,4479.73,2868.31,1.2,26.0,water,0.02,2.0
sandstone,1.2,868.8,870.0,2.344,4885.71,2804.73,5.1,31.0,water,0.15,2.4
sandstone,1.2,870.0,871.2,2.445,4938.22,2965.51,1.7,26.0,water,0.11,2.3
sandstone,1.2,871.2,872.4,2.389,4822.21,2839.37,35.8,27.0,water,0.13,2.9
sandstone,1.2,872.4,873.6,2.441,4824.57,2887.53,9.8,25.0,water,0.12,2.9
sandstone,1.2,873.6,874.8,2.356,4443.43,2824.42,8.3,28.0,water,0.01,1.9
sandstone,1.2,874.8,876.0,2.281,4269.5,2656.41,3.4,32.0,water,0.02,1.9
sandstone,1.2,876.0,877.2,2.284,4250.45,2639.92,0.0,32.0,water,0.02,1.9
sandstone,1.2,877.2,878.4,2.405,5377.3,3178.67,32.1,26.0,water,0.15,2.5
sandstone,1.2,878.4,879.6,2.425,4887.47,2910.54,23.1,25.0,water,0.12,2.8
sandstone,1.2,879.6,880.8,2.255,4295.73,2653.74,14.1,33.0,water,0.02,1.9
sandstone,1.2,880.8,882.0,2.221,4146.12,2526.27,5.2,35.0,water,0.02,2.0
sandstone,2.3,882.0,884.3,2.352,4829.66,2848.81,6.1,29.0,water,0.12,2.7
sandstone,2.3,884.3,886.6,2.369,4835.97,2822.64,0.0,30.0,water,0.13,2.3
sandstone,2.3,886.6,888.9,2.338,4406.8,2787.6,4.9,29.0,water,0.01,1.9
sandstone,2.3,888.9,891.2,2.381,4492.98,2854.08,5.9,27.0,water,0.02,2.1
sandstone,2.3,891.2,893.5,2.266,4240.12,2614.16,0.3,33.0,water,0.02,2.0
sandstone,2.3,893.5,895.8,2.345,4401.2,2768.85,0.9,29.0,water,0.02,2.0
sandstone,2.3,895.8,898.1,2.345,4734.66,2811.33,13.4,30.0,water,0.11,2.3
sandstone,2.3,898.1,900.4,2.439,5013.53,2970.07,11.2,26.0,water,0.13,2.3
sandstone,2.3,900.4,902.7,2.378,4497.86,2866.82,2.4,27.0,water,0.02,1.9
sandstone,2.3,902.7,905.0,2.371,4751.83,2842.73,18.0,29.0,water,0.1,2.4
sandstone,2.3,905.0,907.3,2.238,4220.16,2598.29,7.0,34.0,water,0.02,2.1
sandstone,2.3,907.3,909.6,2.383,4874.72,2861.86,6.9,28.0,water,0.13,2.9
sandstone,2.3,909.6,911.9,2.362,4824.33,2826.25,8.5,29.0,water,0.13,2.9
sandstone,2.3,911.9,914.2,2.402,4796.8,2924.93,3.9,27.0,water,0.09,2.1
sandstone,2.3,914.2,916.5,2.356,4443.23,2829.16,2.9,28.0,water,0.01,1.8
sandstone,2.3,916.5,918.8,2.245,5146.13,2959.69,13.9,34.0,water,0.14,2.3
sandstone,2.3,918.8,921.1,2.343,4425.42,2790.66,3.5,29.0,water,0.02,1.9
sandstone,2.3,921.1,923.4,2.418,5270.06,3188.98,43.8,25.0,water,0.12,2.2
sandstone,2.3,923.4,925.7,2.288,4270.72,2650.87,2.8,32.0,water,0.02,2.0
sandstone,2.3,925.7,928.0,2.362,4425.28,2818.76,2.6,28.0,water,0.01,2.0
anhydrite,7.0,928.0,934.9,2.912,7120.89,3996.74,0.0,0.0,water,0.27,4.9
anhydrite,7.0,934.9,941.9,2.937,7285.78,4067.54,0.0,1.0,water,0.27,5.0
anhydrite,7.0,941.9,948.8,2.95,7319.81,4086.21,0.0,0.0,water,0.27,5.0
anhydrite,7.0,948.8,955.8,2.919,7179.87,4004.57,0.0,0.0,water,0.27,5.0
anhydrite,7.0,955.8,962.7,2.894,7127.43,3965.36,0.0,2.0,water,0.27,4.9
anhydrite,7.0,962.7,969.7,2.958,7344.15,4108.63,0.0,0.0,water,0.27,5.0
anhydrite,7.0,969.7,976.6,2.928,7197.09,4036.09,0.0,0.0,water,0.27,4.9
anhydrite,7.0,976.6,983.6,2.916,7157.48,3999.53,0.0,0.0,water,0.27,4.9
anhydrite,7.0,983.6,990.5,2.937,7285.78,4067.54,0.0,1.0,water,0.27,5.0
anhydrite,7.0,990.5,997.5,2.919,7235.4,4033.81,0.0,2.0,water,0.27,5.0
anhydrite,7.0,997.5,1004.4,2.879,7066.42,3924.48,0.0,2.0,water,0.27,5.0
anhydrite,7.0,1004.4,1011.4,2.869,6953.3,3899.16,0.0,1.0,water,0.27,4.9
anhydrite,7.0,1011.4,1018.3,2.894,7141.81,3963.14,0.0,2.0,water,0.27,5.0
anhydrite,7.0,1018.3,1025.3,2.93,7240.85,4029.32,0.0,0.0,water,0.27,5.0
anhydrite,7.0,1025.3,1032.2,2.899,7157.51,3977.61,0.0,2.0,water,0.27,5.0
anhydrite,7.0,1032.2,1039.2,2.904,7138.81,3978.98,0.0,1.0,water,0.27,4.9
anhydrite,7.0,1039.2,1046.1,2.905,7097.36,3975.0,0.0,0.0,water,0.27,4.9
anhydrite,7.0,1046.1,1053.1,2.929,7226.17,4031.58,0.0,0.0,water,0.27,5.0
anhydrite,7.0,1053.1,1060.0,2.914,7170.34,4008.06,0.0,1.0,water,0.27,4.9
anhydrite,7.0,1060.0,1067.0,2.929,7247.07,4047.6,0.0,1.0,water,0.27,4.9
sandstone,1.8,1068.0,1069.7,2.444,4637.03,2976.51,6.8,24.0,water,0.03,2.2
sandstone,1.8,1069.7,1071.5,2.424,4599.03,2953.28,7.1,25.0,water,0.02,2.1
sandstone,1.8,1071.5,1073.2,2.468,4666.33,3013.9,4.5,23.0,water,0.02,2.0
sandstone,1.8,1073.2,1075.0,2.441,4845.83,2980.52,14.7,24.0,water,0.09,2.4
sandstone,1.8,1075.0,1076.7,2.486,4726.14,3061.69,5.8,22.0,water,0.03,2.1
sandstone,1.8,1076.7,1078.5,2.423,4853.11,2971.17,5.9,25.0,water,0.09,2.5
sandstone,1.8,1078.5,1080.2,2.542,5153.2,3159.48,3.5,20.0,water,0.12,2.7
sandstone,1.8,1080.2,1082.0,2.47,4648.03,3012.24,4.8,23.0,water,0.02,2.1
sandstone,1.8,1082.0,1083.7,2.547,5440.03,3234.54,12.8,21.0,water,0.16,2.5
sandstone,1.8,1083.7,1085.5,2.508,4747.4,3091.93,4.1,21.0,water,0.02,2.0
sandstone,1.8,1085.5,1087.2,2.415,4597.41,2947.0,11.2,25.0,water,0.02,2.1
sandstone,1.8,1087.2,1089.0,2.461,5904.76,3475.34,56.1,22.0,water,0.17,2.3
sandstone,1.8,1089.0,1090.7,2.458,4592.93,2992.14,1.3,23.0,water,0.01,1.9
sandstone,1.8,1090.7,1092.5,2.488,4722.0,3057.32,0.0,22.0,water,0.03,2.0
sandstone,1.8,1092.5,1094.2,2.461,6103.77,3526.14,52.3,22.0,water,0.19,2.4
sandstone,1.8,1094.2,1096.0,2.482,5045.03,3077.42,5.2,22.0,water,0.11,2.6
sandstone,1.8,1096.0,1097.7,2.505,4704.45,3082.17,3.2,21.0,water,0.01,2.0
sandstone,1.8,1097.7,1099.5,2.471,4930.33,2978.11,3.5,23.0,water,0.12,2.7
sandstone,1.8,1099.5,1101.2,2.53,5126.41,3121.08,4.8,22.0,water,0.12,2.3
sandstone,1.8,1101.2,1103.0,2.532,5212.06,3182.18,14.5,22.0,water,0.12,2.7
shale,4.2,1104.0,1108.1,2.218,2598.87,1462.91,139.5,6.0,water,0.25,2.3
shale,4.2,1108.1,1112.3,2.306,2518.57,1423.04,183.9,1.0,oil,0.25,2.7
shale,4.2,1112.3,1116.4,2.133,2347.73,1352.28,144.6,8.0,gas,0.23,2.5
shale,4.2,1116.4,1120.6,2.335,2636.91,1511.68,91.6,0.0,gas,0.24,3.1
shale,4.2,1120.6,1124.7,2.273,2554.13,1468.56,67.5,4.0,gas,0.23,3.7
shale,4.2,1124.7,1128.9,2.199,2509.92,1429.81,102.9,6.0,gas,0.24,2.9
shale,4.2,1128.9,1133.0,2.228,2621.72,1486.41,100.4,4.0,oil,0.24,2.7
shale,4.2,1133.0,1137.2,2.238,2593.51,1449.41,166.2,3.0,gas,0.26,2.5
shale,4.2,1137.2,1141.3,2.217,2442.05,1380.63,163.9,6.0,water,0.24,2.1
shale,4.2,1141.3,1145.5,2.308,2518.24,1398.02,53.4,5.0,water,0.26,3.4
shale,4.2,1145.5,1149.6,2.274,2489.53,1416.77,135.0,4.0,water,0.24,2.8
shale,4.2,1149.6,1153.8,2.308,2714.21,1510.64,129.7,2.0,gas,0.26,3.5
shale,4.2,1153.8,1157.9,2.278,2560.58,1433.93,115.7,4.0,gas,0.25,3.8
shale,4.2,1157.9,1162.1,2.131,2396.3,1366.66,144.6,7.0,gas,0.24,2.1
shale,4.2,1162.1,1166.2,2.259,2422.39,1370.96,44.3,4.0,oil,0.25,3.6
shale,4.2,1166.2,1170.4,2.226,2558.14,1416.99,167.0,6.0,water,0.26,2.4
shale,4.2,1170.4,1174.5,2.223,2355.54,1350.29,52.6,5.0,gas,0.24,3.3
shale,4.2,1174.5,1178.7,2.275,2609.13,1484.53,126.5,1.0,oil,0.24,2.3
shale,4.2,1178.7,1182.8,2.294,2819.65,1582.63,110.8,1.0,oil,0.26,3.0
shale,4.2,1182.8,1187.0,2.292,2448.61,1356.74,136.7,7.0,water,0.25,3.9
limestone,2.4,1188.0,1190.3,2.231,5074.22,2582.77,15.0,27.0,oil,0.28,5.2
limestone,2.4,1190.3,1192.7,2.178,4915.76,2369.73,0.0,28.0,oil,0.32,5.4
limestone,2.4,1192.7,1195.0,2.241,5237.77,2592.86,3.2,25.0,oil,0.32,4.7
limestone,2.4,1195.0,1197.4,2.125,5061.45,2583.71,12.6,30.0,oil,0.28,4.8
limestone,2.4,1197.4,1199.7,2.097,4688.36,2423.15,0.0,30.0,oil,0.24,4.4
limestone,2.4,1199.7,1202.1,2.243,5039.64,2455.39,0.0,27.0,oil,0.32,5.5
limestone,2.4,1202.1,1204.4,2.236,4988.2,2437.32,0.3,27.0,oil,0.32,5.6
limestone,2.4,1204.4,1206.8,2.176,5442.46,2750.85,8.0,27.0,oil,0.3,3.8
limestone,2.4,1206.8,1209.1,2.123,4878.21,2489.17,0.0,29.0,oil,0.27,4.4
limestone,2.4,1209.1,1211.5,2.251,5174.84,2513.24,3.2,25.0,oil,0.32,5.0
limestone,2.4,1211.5,1213.8,2.301,5073.25,2478.38,0.0,25.0,oil,0.32,5.6
limestone,2.4,1213.8,1216.2,2.19,4996.3,2450.77,3.2,27.0,oil,0.31,5.0
limestone,2.4,1216.2,1218.5,2.111,4855.12,2336.72,1.6,30.0,oil,0.32,5.1
limestone,2.4,1218.5,1220.9,2.267,5058.54,2479.52,0.2,26.0,oil,0.32,5.4
limestone,2.4,1220.9,1223.2,2.166,4847.44,2330.73,3.2,29.0,oil,0.32,5.5
limestone,2.4,1223.2,1225.6,2.186,4915.08,2389.56,0.0,29.0,oil,0.31,5.6
limestone,2.4,1225.6,1227.9,2.235,5225.66,2511.64,33.7,27.0,oil,0.32,4.9
limestone,2.4,1227.9,1230.3,2.21,4994.47,2440.58,0.0,26.0,oil,0.32,5.0
limestone,2.4,1230.3,1232.6,2.241,5021.59,2445.89,0.0,27.0,oil,0.32,5.5
limestone,2.4,1232.6,1235.0,2.153,5181.5,2540.9,30.5,28.0,oil,0.31,4.1
limestone,1.4,1235.0,1236.3,2.307,5450.0,2845.43,14.7,25.0,water,0.27,4.5
limestone,1.4,1236.3,1237.7,2.221,5279.52,2584.99,6.4,30.0,water,0.31,4.4
limestone,1.4,1237.7,1239.0,2.36,5365.53,2513.78,20.9,26.0,water,0.33,6.2
limestone,1.4,1239.0,1240.4,2.323,5572.72,2693.66,9.6,26.0,water,0.32,5.1
limestone,1.4,1240.4,1241.7,2.252,4984.27,2385.77,0.0,28.0,water,0.32,5.2
limestone,1.4,1241.7,1243.1,2.293,5471.97,2726.87,3.2,26.0,water,0.31,4.4
limestone,1.4,1243.1,1244.4,2.259,5037.76,2454.68,0.9,28.0,water,0.31,4.9
limestone,1.4,1244.4,1245.8,2.388,5133.22,2530.04,1.1,25.0,water,0.3,6.0
limestone,1.4,1245.8,1247.1,2.348,5242.86,2559.25,1.6,26.0,water,0.32,5.6
limestone,1.4,1247.1,1248.5,2.293,5041.89,2455.72,0.0,26.0,water,0.31,5.2
limestone,1.4,1248.5,1249.8,2.257,4988.09,2371.71,0.0,28.0,water,0.32,5.4
limestone,1.4,1249.8,1251.2,2.259,5448.86,2714.37,4.8,27.0,water,0.31,4.1
limestone,1.4,1251.2,1252.5,2.271,5054.15,2441.56,0.0,27.0,water,0.32,4.9
limestone,1.4,1252.5,1253.9,2.218,5098.9,2455.87,11.2,30.0,water,0.31,4.7
limestone,1.4,1253.9,1255.2,2.273,5183.82,2611.19,10.7,25.0,water,0.29,4.6
limestone,1.4,1255.2,1256.6,2.243,4962.94,2371.54,0.0,28.0,water,0.32,5.1
limestone,1.4,1256.6,1257.9,2.241,5085.06,2450.17,17.7,28.0,water,0.32,4.6
limestone,1.4,1257.9,1259.3,2.274,4971.32,2391.85,1.2,28.0,water,0.31,5.5
limestone,1.4,1259.3,1260.6,2.305,5102.08,2470.46,0.0,26.0,water,0.32,5.2
limestone,1.4,1260.6,1262.0,2.218,4890.12,2326.77,0.9,30.0,water,0.32,5.2
ore,1.6,1264.0,1265.6,4.142,2058.43,1157.15,1.0,3.0,water,0.24,14.2
ore,1.6,1265.6,1267.1,4.081,2036.48,1178.34,3.6,3.0,water,0.21,14.4
ore,1.6,1267.1,1268.7,4.575,2069.87,1080.79,0.8,2.0,water,0.3,17.6
ore,1.6,1268.7,1270.2,4.46,2234.37,1175.8,0.0,1.0,water,0.3,17.3
ore,1.6,1270.2,1271.8,4.237,2045.88,1157.27,0.0,3.0,water,0.23,15.6
ore,1.6,1271.8,1273.3,4.313,2247.28,1221.39,11.0,0.0,water,0.28,15.5
ore,1.6,1273.3,1274.9,4.628,2101.51,1121.36,12.3,2.0,water,0.28,18.0
ore,1.6,1274.9,1276.4,4.63,2277.56,1178.13,0.5,0.0,water,0.31,18.1
ore,1.6,1276.4,1278.0,4.637,2129.84,1135.53,18.1,0.0,water,0.29,17.4
ore,1.6,1278.0,1279.5,3.974,1921.92,1148.21,0.0,2.0,water,0.18,12.6
ore,1.6,1279.5,1281.1,4.228,2213.86,1218.96,12.4,2.0,water,0.26,15.3
ore,1.6,1281.1,1282.6,4.321,2224.33,1151.07,0.5,0.0,water,0.31,15.7
ore,1.6,1282.6,1284.2,4.523,2057.6,1124.48,0.0,3.0,water,0.26,17.7
ore,1.6,1284.2,1285.7,3.979,2164.43,1193.72,13.0,1.0,water,0.26,13.0
ore,1.6,1285.7,1287.3,4.493,2058.12,1060.35,1.4,3.0,water,0.31,17.3
ore,1.6,1287.3,1288.8,4.468,2075.17,1111.56,20.2,2.0,water,0.28,16.5
ore,1.6,1288.8,1290.4,3.901,1917.51,1141.64,0.0,2.0,water,0.19,12.2
ore,1.6,1290.4,1291.9,4.639,2192.04,1135.26,15.3,2.0,water,0.31,17.9
ore,1.6,1291.9,1293.5,4.262,2323.68,1217.86,55.8,3.0,water,0.3,16.4
ore,1.6,1293.5,1295.0,4.65,2183.73,1148.37,0.8,1.0,water,0.3,18.3
limestone,1.0,1296.0,1297.1,2.356,5273.08,2672.51,1.6,25.0,water,0.27,5.2
limestone,1.0,1297.1,1298.1,2.328,5021.7,2535.96,1.3,27.0,water,0.27,5.3
limestone,1.0,1298.1,1299.2,2.234,5020.4,2494.14,2.3,29.0,water,0.29,4.5
limestone,1.0,1299.2,1300.2,2.364,5187.75,2516.18,0.0,26.0,water,0.32,6.0
limestone,1.0,1300.2,1301.3,2.213,5024.06,2414.75,35.3,30.0,water,0.31,4.1
limestone,1.0,1301.3,1302.3,2.346,5240.1,2565.27,4.3,26.0,water,0.31,5.4
limestone,1.0,1302.3,1303.4,2.315,5168.18,2493.19,3.2,25.0,water,0.32,5.3
limestone,1.0,1303.4,1304.4,2.224,4927.49,2347.52,0.0,29.0,water,0.32,5.1
limestone,1.0,1304.4,1305.5,2.219,5036.96,2546.27,3.5,29.0,water,0.27,4.3
limestone,1.0,1305.5,1306.5,2.285,5154.53,2487.27,38.6,27.0,water,0.32,4.4
limestone,1.0,1306.5,1307.6,2.297,5172.16,2499.69,1.6,26.0,water,0.32,5.1
limestone,1.0,1307.6,1308.6,2.229,5237.0,2557.77,1.6,29.0,water,0.31,4.6
limestone,1.0,1308.6,1309.7,2.269,5003.21,2403.69,0.0,28.0,water,0.32,5.2
limestone,1.0,1309.7,1310.7,2.289,5137.65,2506.1,1.0,25.0,water,0.31,5.1
limestone,1.0,1310.7,1311.8,2.307,5315.43,2472.75,8.0,29.0,water,0.33,6.4
limestone,1.0,1311.8,1312.8,2.266,5071.96,2469.09,1.7,26.0,water,0.31,4.9
limestone,1.0,1312.8,1313.9,2.291,5124.1,2490.31,1.6,25.0,water,0.32,5.1
limestone,1.0,1313.9,1314.9,2.24,5024.43,2602.43,4.9,30.0,water,0.24,4.6
limestone,1.0,1314.9,1316.0,2.24,4936.39,2373.99,0.1,29.0,water,0.31,5.2
limestone,1.0,1316.0,1317.0,2.338,5168.01,2512.13,0.0,25.0,water,0.32,5.4
limestone,1.6,1316.0,1317.6,2.275,5087.1,2443.16,0.0,27.0,water,0.32,5.2
limestone,1.6,1317.6,1319.2,2.269,4968.37,2372.9,24.1,29.0,water,0.32,5.1
limestone,1.6,1319.2,1320.8,2.265,5080.72,2450.64,0.0,26.0,water,0.32,5.0
limestone,1.6,1320.8,1322.4,2.252,5376.44,2632.07,6.4,27.0,water,0.31,4.5
limestone,1.6,1322.4,1324.0,2.243,4844.92,2597.01,0.0,27.0,water,0.2,3.9
limestone,1.6,1324.0,1325.6,2.183,4902.75,2525.1,5.7,30.0,water,0.24,3.9
limestone,1.6,1325.6,1327.2,2.313,5133.91,2476.62,0.0,25.0,water,0.32,5.4
limestone,1.6,1327.2,1328.8,2.27,5242.07,2603.89,8.4,28.0,water,0.3,4.8
limestone,1.6,1328.8,1330.4,2.285,4972.43,2372.01,0.0,28.0,water,0.32,5.7
limestone,1.6,1330.4,1332.0,2.39,5263.85,2533.36,9.6,25.0,water,0.32,6.0
limestone,1.6,1332.0,1333.6,2.27,5072.45,2437.52,4.8,26.0,water,0.32,5.0
limestone,1.6,1333.6,1335.2,2.231,4981.84,2390.48,0.0,28.0,water,0.32,5.0
limestone,1.6,1335.2,1336.8,2.323,5179.56,2517.89,0.0,25.0,water,0.32,5.3
limestone,1.6,1336.8,1338.4,2.4,5141.45,2480.58,0.0,27.0,water,0.32,6.6
limestone,1.6,1338.4,1340.0,2.295,5231.43,2598.08,3.3,25.0,water,0.3,4.9
limestone,1.6,1340.0,1341.6,2.291,4999.66,2569.81,1.2,28.0,water,0.25,5.0
limestone,1.6,1341.6,1343.2,2.239,5138.58,2497.73,8.0,29.0,water,0.31,4.8
limestone,1.6,1343.2,1344.8,2.293,5100.76,2462.61,0.0,25.0,water,0.32,5.2
limestone,1.6,1344.8,1346.4,2.268,4927.47,2342.63,0.0,29.0,water,0.32,5.7
limestone,1.6,1346.4,1348.0,2.342,5209.42,2539.53,3.2,26.0,water,0.31,5.6
dolomite,2.6,1348.0,1350.6,2.914,5437.88,2893.43,18.8,24.0,water,0.26,2.6
dolomite,2.6,1350.6,1353.2,3.009,5327.81,2744.54,0.0,22.0,water,0.29,3.1
dolomite,2.6,1353.2,1355.8,3.035,5447.52,2801.85,0.0,21.0,water,0.29,3.1
dolomite,2.6,1355.8,1358.4,2.964,5216.26,2721.28,0.8,23.0,water,0.26,3.0
dolomite,2.6,1358.4,1361.0,2.971,5334.05,2727.23,1.6,23.0,water,0.29,3.2
dolomite,2.6,1361.0,1363.6,3.017,5371.96,2766.31,9.5,21.0,water,0.29,3.2
dolomite,2.6,1363.6,1366.2,2.941,5201.64,2642.01,0.0,25.0,water,0.29,3.2
dolomite,2.6,1366.2,1368.8,2.95,5263.89,2699.67,3.6,24.0,water,0.29,3.1
dolomite,2.6,1368.8,1371.4,3.049,5427.61,2815.81,0.0,21.0,water,0.29,2.9
dolomite,2.6,1371.4,1374.0,2.964,5250.87,2686.11,0.0,24.0,water,0.29,3.1
dolomite,2.6,1374.0,1376.6,3.029,5471.77,2826.68,4.8,21.0,water,0.29,3.2
dolomite,2.6,1376.6,1379.2,2.948,5470.64,2910.79,24.4,22.0,water,0.26,2.9
dolomite,2.6,1379.2,1381.8,3.03,5403.29,2770.42,3.2,21.0,water,0.29,3.3
dolomite,2.6,1381.8,1384.4,2.976,5453.16,2837.5,10.3,23.0,water,0.28,2.7
dolomite,2.6,1384.4,1387.0,2.958,5254.64,2687.25,0.0,24.0,water,0.29,3.1
dolomite,2.6,1387.0,1389.6,3.004,5320.09,2720.33,4.8,22.0,water,0.29,3.2
dolomite,2.6,1389.6,1392.2,3.041,5464.39,2829.59,0.0,21.0,water,0.29,3.0
dolomite,2.6,1392.2,1394.8,3.059,5489.66,2861.32,9.6,21.0,water,0.28,2.7
dolomite,2.6,1394.8,1397.4,2.92,5269.71,2683.63,0.0,25.0,water,0.29,3.1
dolomite,2.6,1397.4,1400.0,2.963,5255.54,2665.31,11.2,24.0,water,0.29,3.1
basalt,1.6,1400.0,1401.6,2.927,7828.3,4467.06,1.0,7.0,water,0.26,6.8
basalt,1.6,1401.6,1403.3,3.041,8000.57,4557.48,1.6,3.0,water,0.26,6.6
basalt,1.6,1403.3,1404.9,2.848,6987.38,4036.67,0.0,15.0,water,0.25,3.2
basalt,1.6,1404.9,1406.6,2.657,7452.04,4210.85,0.0,14.0,water,0.26,7.9
basalt,1.6,1406.6,1408.2,3.214,7783.79,4448.67,0.0,5.0,water,0.26,5.0
basalt,1.6,1408.2,1409.9,2.941,8211.26,4693.07,0.0,4.0,water,0.26,6.8
basalt,1.6,1409.9,1411.5,2.802,7858.34,4476.07,4.0,9.0,water,0.26,6.5
basalt,1.6,1411.5,1413.2,2.839,7914.05,4538.83,0.0,7.0,water,0.25,5.9
basalt,1.6,1413.2,1414.8,3.128,7742.77,4464.4,0.7,5.0,water,0.25,4.2
basalt,1.6,1414.8,1416.5,3.401,7811.35,4513.88,1.3,4.0,water,0.25,2.2
basalt,1.6,1416.5,1418.1,3.248,7813.16,4501.81,0.5,1.0,water,0.25,4.3
basalt,1.6,1418.1,1419.8,2.843,8087.32,4568.45,1.8,5.0,water,0.26,8.0
basalt,1.6,1419.8,1421.4,3.25,7402.93,4267.92,1.3,9.0,water,0.25,2.4
basalt,1.6,1421.4,1423.1,2.658,7554.88,4315.73,3.7,12.0,water,0.26,6.7
basalt,1.6,1423.1,1424.7,2.884,7909.42,4497.34,0.0,7.0,water,0.26,5.8
basalt,1.6,1424.7,1426.4,2.957,6969.17,4030.74,2.5,14.0,water,0.25,2.9
basalt,1.6,1426.4,1428.0,2.423,7697.74,4375.76,1.9,13.0,water,0.26,8.1
basalt,1.6,1428.0,1429.7,2.508,7469.86,4217.2,1.5,15.0,water,0.27,8.1
basalt,1.6,1429.7,1431.3,2.93,8154.9,4665.02,2.2,4.0,water,0.26,6.3
basalt,1.6,1431.3,1433.0,2.638,7444.34,4195.04,0.3,12.0,water,0.27,8.4
basalt,1.9,1432.0,1433.9,3.122,7791.99,4480.79,0.0,4.0,water,0.25,4.4
basalt,1.9,1433.9,1435.8,2.801,7018.45,4053.23,0.5,14.0,water,0.25,4.1
basalt,1.9,1435.8,1437.7,2.783,7981.31,4578.05,3.5,7.0,water,0.25,6.2
basalt,1.9,1437.7,1439.6,3.168,7728.44,4436.67,2.4,4.0,water,0.25,5.0
basalt,1.9,1439.6,1441.5,2.61,8202.62,4642.0,0.0,8.0,water,0.26,8.2
basalt,1.9,1441.5,1443.4,3.023,7800.84,4459.34,0.0,6.0,water,0.26,5.6
basalt,1.9,1443.4,1445.3,2.99,8035.22,4582.88,1.8,4.0,water,0.26,5.8
basalt,1.9,1445.3,1447.2,3.27,8188.99,4692.98,0.0,2.0,water,0.25,4.2
basalt,1.9,1447.2,1449.1,3.189,7918.59,4590.4,0.3,2.0,water,0.24,4.0
basalt,1.9,1449.1,1451.0,3.343,7861.78,4542.38,3.1,4.0,water,0.25,2.6
basalt,1.9,1451.0,1452.9,3.008,7312.23,4239.75,0.9,10.0,water,0.24,3.3
basalt,1.9,1452.9,1454.8,2.999,7820.65,4424.97,0.5,6.0,water,0.26,7.3
basalt,1.9,1454.8,1456.7,2.55,8859.14,4957.6,2.5,4.0,water,0.27,10.3
basalt,1.9,1456.7,1458.6,2.801,7638.06,4364.91,0.0,11.0,water,0.26,5.8
basalt,1.9,1458.6,1460.5,3.248,7684.04,4426.59,1.2,2.0,water,0.25,4.8
basalt,1.9,1460.5,1462.4,3.259,7984.87,4561.29,1.0,1.0,water,0.26,6.1
basalt,1.9,1462.4,1464.3,2.591,7390.74,4181.06,0.8,15.0,water,0.26,7.5
basalt,1.9,1464.3,1466.2,3.18,7214.08,4162.43,1.7,11.0,water,0.25,2.2
basalt,1.9,1466.2,1468.1,2.61,7374.04,4192.88,0.0,14.0,water,0.26,6.8
basalt,1.9,1468.1,1470.0,2.403,7522.24,4215.32,1.0,15.0,water,0.27,9.2
basalt,1.0,1470.0,1470.9,2.911,7341.44,4199.43,1.1,10.0,water,0.26,5.9
basalt,1.0,1470.9,1471.9,2.941,7365.6,4238.36,0.0,10.0,water,0.25,4.5
basalt,1.0,1471.9,1472.8,2.801,7409.39,4254.86,3.9,12.0,water,0.25,5.0
basalt,1.0,1472.8,1473.8,3.212,7395.66,4239.66,3.0,7.0,water,0.25,4.8
basalt,1.0,1473.8,1474.7,2.704,8851.09,4961.95,2.1,2.0,water,0.27,9.8
basalt,1.0,1474.7,1475.7,2.885,6993.72,4014.83,4.9,15.0,water,0.25,3.8
basalt,1.0,1475.7,1476.6,2.809,7950.96,4546.28,0.5,6.0,water,0.26,7.0
basalt,1.0,1476.6,1477.6,2.823,8589.67,4879.8,2.3,2.0,water,0.26,7.9
basalt,1.0,1477.6,1478.5,2.807,8259.82,4708.48,1.2,5.0,water,0.26,7.2
basalt,1.0,1478.5,1479.5,3.159,7696.52,4448.2,0.0,7.0,water,0.25,3.1
basalt,1.0,1479.5,1480.4,3.059,8182.76,4692.58,3.1,2.0,water,0.25,5.4
basalt,1.0,1480.4,1481.4,2.813,8939.44,5042.46,0.6,0.0,water,0.27,8.8
basalt,1.0,1481.4,1482.3,3.084,7446.67,4291.28,2.6,9.0,water,0.25,3.7
basalt,1.0,1482.3,1483.3,2.993,7910.93,4542.66,0.5,6.0,water,0.25,5.3
basalt,1.0,1483.3,1484.2,2.635,7544.88,4285.76,1.4,12.0,water,0.26,8.3
basalt,1.0,1484.2,1485.2,2.626,7087.74,4049.13,0.9,14.0,water,0.26,6.5
basalt,1.0,1485.2,1486.1,3.253,7926.61,4573.15,2.3,1.0,water,0.25,5.4
basalt,1.0,1486.1,1487.1,2.755,7734.31,4446.29,0.3,9.0,water,0.25,6.1
basalt,1.0,1487.1,1488.0,2.995,6899.75,3989.75,0.3,13.0,water,0.25,2.9
basalt,1.0,1488.0,1489.0,2.799,8722.8,4895.53,0.2,1.0,water,0.27,9.8
basalt,2.3,1490.0,1492.3,2.428,7866.54,4437.03,0.2,13.0,water,0.27,8.8
basalt,2.3,1492.3,1494.6,2.835,7115.88,4127.08,1.6,12.0,water,0.24,3.9
basalt,2.3,1494.6,1496.9,2.834,7237.54,4129.99,1.9,13.0,water,0.26,5.1
basalt,2.3,1496.9,1499.2,2.961,7112.96,4089.4,4.7,11.0,water,0.25,5.6
basalt,2.3,1499.2,1501.5,2.844,7391.34,4250.08,1.1,11.0,water,0.26,5.4
basalt,2.3,1501.5,1503.8,2.919,8597.36,4899.04,1.7,1.0,water,0.26,7.5
basalt,2.3,1503.8,1506.1,2.934,7127.87,4111.98,1.7,10.0,water,0.25,5.1
basalt,2.3,1506.1,1508.4,2.829,8125.99,4621.08,3.8,5.0,water,0.26,7.4
basalt,2.3,1508.4,1510.7,2.914,6746.92,3863.23,0.0,15.0,water,0.26,5.1
basalt,2.3,1510.7,1513.0,2.915,7048.18,4046.48,0.4,12.0,water,0.25,4.1
basalt,2.3,1513.0,1515.3,3.228,7711.6,4443.38,3.1,4.0,water,0.25,3.8
basalt,2.3,1515.3,1517.6,3.172,7692.35,4416.82,0.4,6.0,water,0.25,4.2
basalt,2.3,1517.6,1519.9,2.982,6935.87,3990.39,0.0,15.0,water,0.25,3.3
basalt,2.3,1519.9,1522.2,2.946,8062.19,4597.85,1.2,5.0,water,0.26,6.7
basalt,2.3,1522.2,1524.5,2.809,8178.44,4681.02,0.0,5.0,water,0.25,6.6
basalt,2.3,1524.5,1526.8,3.27,8179.9,4713.22,3.9,0.0,water,0.25,4.4
basalt,2.3,1526.8,1529.1,2.936,7431.9,4290.84,1.6,9.0,water,0.25,4.5
basalt,2.3,1529.1,1531.4,3.11,7294.9,4228.75,1.8,10.0,water,0.24,2.4
basalt,2.3,1531.4,1533.7,3.371,7968.95,4604.67,0.4,3.0,water,0.25,2.7
basalt,2.3,1533.7,1536.0,2.716,7555.93,4305.01,1.1,12.0,water,0.26,6.1
